shops_total,shops_shoes,restaurants,banks,pharmacy,metro_station,bus_stop,parking,hotels,attractions,museums,parks,business_centers,residential_buildings,walkability_score,total_pois,lat,lon,point_id,city
15,0,2,0,1,0,13,37,0,0,0,13,5,4,159,304,50.603088552252274,3.0496338636362865,Lille_50.603089_3.049634,Lille
22,0,4,0,2,0,11,25,0,0,0,12,3,3,148,281,50.603088552252274,3.0531845664030817,Lille_50.603089_3.053185,Lille
3,0,9,0,0,1,20,56,0,0,0,2,4,2,122,262,50.60534080450453,3.035431052569106,Lille_50.605341_3.035431,Lille
6,0,8,0,0,1,23,62,0,0,0,4,8,2,123,288,50.60534080450453,3.038981755335901,Lille_50.605341_3.038982,Lille
6,0,5,0,0,1,16,53,0,0,0,11,5,3,236,398,50.60534080450453,3.0460831608694914,Lille_50.605341_3.046083,Lille
12,0,1,0,0,0,13,43,0,0,0,14,5,4,213,367,50.60534080450453,3.0496338636362865,Lille_50.605341_3.049634,Lille
23,0,3,0,1,0,10,34,0,0,0,13,2,2,200,341,50.60534080450453,3.0531845664030817,Lille_50.605341_3.053185,Lille
22,0,3,0,1,0,10,19,0,0,0,13,1,2,134,246,50.60534080450453,3.056735269169877,Lille_50.605341_3.056735,Lille
1,0,3,0,0,1,14,47,0,0,0,0,4,1,99,203,50.607593056756784,3.031880349802311,Lille_50.607593_3.031880,Lille
1,0,4,0,0,1,18,56,0,0,0,3,3,2,145,278,50.607593056756784,3.035431052569106,Lille_50.607593_3.035431,Lille
10,0,3,0,1,1,20,52,0,0,0,5,5,2,142,297,50.607593056756784,3.038981755335901,Lille_50.607593_3.038982,Lille
11,0,3,0,1,1,17,53,0,0,0,10,7,2,229,395,50.607593056756784,3.0425324581026962,Lille_50.607593_3.042532,Lille
10,0,2,0,1,1,15,37,0,0,0,12,4,3,299,449,50.607593056756784,3.0460831608694914,Lille_50.607593_3.046083,Lille
13,0,1,0,1,0,11,29,0,0,0,16,4,4,299,439,50.607593056756784,3.0496338636362865,Lille_50.607593_3.049634,Lille
18,0,3,0,1,0,9,30,0,0,0,14,3,2,298,426,50.607593056756784,3.0531845664030817,Lille_50.607593_3.053185,Lille
19,0,4,0,1,0,11,24,1,0,0,13,1,2,223,339,50.607593056756784,3.056735269169877,Lille_50.607593_3.056735,Lille
41,1,10,10,4,0,12,47,0,0,0,6,11,7,54,237,50.607593056756784,3.0709380802370574,Lille_50.607593_3.070938,Lille
2,0,1,0,0,0,9,43,0,0,0,2,5,2,133,239,50.60984530900904,3.0283296470355157,Lille_50.609845_3.028330,Lille
1,0,2,0,0,2,13,45,0,0,0,1,6,3,121,232,50.60984530900904,3.031880349802311,Lille_50.609845_3.031880,Lille
1,0,3,0,0,2,15,58,0,0,0,3,6,3,154,295,50.60984530900904,3.035431052569106,Lille_50.609845_3.035431,Lille
12,0,4,0,1,2,19,47,0,0,0,2,9,2,143,309,50.60984530900904,3.038981755335901,Lille_50.609845_3.038982,Lille
19,0,8,0,2,2,20,46,0,0,0,2,12,2,212,400,50.60984530900904,3.0425324581026962,Lille_50.609845_3.042532,Lille
21,0,6,0,2,1,17,33,0,0,0,3,9,2,251,420,50.60984530900904,3.0460831608694914,Lille_50.609845_3.046083,Lille
22,0,5,0,2,0,13,22,0,0,0,7,8,3,253,400,50.60984530900904,3.0496338636362865,Lille_50.609845_3.049634,Lille
22,0,6,0,2,0,12,31,0,0,0,8,5,2,273,414,50.60984530900904,3.0531845664030817,Lille_50.609845_3.053185,Lille
26,0,9,1,2,0,14,31,1,0,0,10,1,2,235,377,50.60984530900904,3.056735269169877,Lille_50.609845_3.056735,Lille
39,0,11,3,3,0,13,41,1,0,0,13,3,2,166,331,50.60984530900904,3.060285971936672,Lille_50.609845_3.060286,Lille
32,0,11,3,2,0,8,43,1,1,0,9,3,3,85,222,50.60984530900904,3.0673873774702622,Lille_50.609845_3.067387,Lille
35,1,11,10,4,0,9,44,0,1,0,7,10,6,61,229,50.60984530900904,3.0709380802370574,Lille_50.609845_3.070938,Lille
20,1,9,8,3,0,6,37,0,1,0,6,8,7,49,190,50.60984530900904,3.0744887830038525,Lille_50.609845_3.074489,Lille
11,0,8,0,2,0,7,32,0,0,0,4,1,2,185,282,50.612097561261294,3.0247789442687205,Lille_50.612098_3.024779,Lille
6,0,2,0,0,1,5,33,0,0,0,5,4,2,124,219,50.612097561261294,3.0283296470355157,Lille_50.612098_3.028330,Lille
2,0,4,0,0,3,8,33,2,0,0,3,5,3,125,228,50.612097561261294,3.031880349802311,Lille_50.612098_3.031880,Lille
0,0,5,0,0,3,9,49,2,0,0,5,6,3,155,286,50.612097561261294,3.035431052569106,Lille_50.612098_3.035431,Lille
13,0,5,0,1,3,11,40,3,0,0,4,9,3,154,312,50.612097561261294,3.038981755335901,Lille_50.612098_3.038982,Lille
34,1,9,1,2,2,15,40,3,0,0,2,11,2,222,408,50.612097561261294,3.0425324581026962,Lille_50.612098_3.042532,Lille
40,1,6,1,2,1,13,30,1,0,0,6,8,2,243,422,50.612097561261294,3.0460831608694914,Lille_50.612098_3.046083,Lille
43,1,5,1,2,0,12,19,1,0,0,7,7,2,240,396,50.612097561261294,3.0496338636362865,Lille_50.612098_3.049634,Lille
36,1,5,1,1,0,13,31,0,0,0,9,4,1,261,408,50.612097561261294,3.0531845664030817,Lille_50.612098_3.053185,Lille
25,0,7,1,1,0,14,30,1,1,0,12,1,1,225,359,50.612097561261294,3.056735269169877,Lille_50.612098_3.056735,Lille
35,0,9,3,2,0,12,38,1,1,0,14,2,1,178,324,50.612097561261294,3.060285971936672,Lille_50.612098_3.060286,Lille
33,0,9,3,2,0,10,40,1,2,0,12,2,3,183,329,50.612097561261294,3.063836674703467,Lille_50.612098_3.063837,Lille
29,0,11,3,2,0,6,32,1,2,0,8,2,3,163,285,50.612097561261294,3.0673873774702622,Lille_50.612098_3.067387,Lille
24,1,9,6,3,0,7,33,0,2,0,7,6,5,131,267,50.612097561261294,3.0709380802370574,Lille_50.612098_3.070938,Lille
9,1,7,4,2,0,6,29,0,2,0,5,5,5,117,231,50.612097561261294,3.0744887830038525,Lille_50.612098_3.074489,Lille
14,0,6,0,0,1,10,31,0,0,0,8,8,3,114,238,50.61434981351355,3.0283296470355157,Lille_50.614350_3.028330,Lille
11,0,6,0,0,2,9,29,2,0,0,6,8,4,139,259,50.61434981351355,3.031880349802311,Lille_50.614350_3.031880,Lille
3,0,5,0,0,2,7,36,2,0,0,6,8,3,137,255,50.61434981351355,3.035431052569106,Lille_50.614350_3.035431,Lille
14,0,5,0,1,2,5,32,3,0,0,6,11,4,136,276,50.61434981351355,3.038981755335901,Lille_50.614350_3.038982,Lille
34,1,8,1,2,1,11,31,3,0,0,4,13,3,192,367,50.61434981351355,3.0425324581026962,Lille_50.614350_3.042532,Lille
41,1,6,1,2,1,13,23,1,0,0,8,12,3,222,407,50.61434981351355,3.0460831608694914,Lille_50.614350_3.046083,Lille
44,1,5,1,2,1,15,20,2,0,0,11,13,3,253,442,50.61434981351355,3.0496338636362865,Lille_50.614350_3.049634,Lille
35,1,5,1,1,1,17,27,1,0,0,10,9,2,265,439,50.61434981351355,3.0531845664030817,Lille_50.614350_3.053185,Lille
31,0,8,1,1,2,16,29,2,1,0,12,6,3,261,428,50.61434981351355,3.056735269169877,Lille_50.614350_3.056735,Lille
29,0,11,2,1,1,14,35,2,1,0,14,7,3,214,380,50.61434981351355,3.060285971936672,Lille_50.614350_3.060286,Lille
26,0,12,2,1,1,15,36,1,2,0,11,4,4,218,382,50.61434981351355,3.063836674703467,Lille_50.614350_3.063837,Lille
28,1,21,2,1,2,17,32,1,2,0,8,5,5,203,373,50.61434981351355,3.0673873774702622,Lille_50.614350_3.067387,Lille
16,2,17,1,1,1,15,37,0,2,0,8,6,6,147,318,50.61434981351355,3.0709380802370574,Lille_50.614350_3.070938,Lille
11,2,14,0,1,1,12,33,0,2,0,6,4,6,128,278,50.61434981351355,3.0744887830038525,Lille_50.614350_3.074489,Lille
11,2,14,0,1,1,9,32,0,1,0,3,4,6,71,230,50.61434981351355,3.0780394857706477,Lille_50.614350_3.078039,Lille
18,0,9,0,2,0,5,33,0,0,0,9,5,4,89,225,50.616602065765804,3.0247789442687205,Lille_50.616602_3.024779,Lille
16,0,8,0,1,1,8,33,0,0,0,9,9,4,117,268,50.616602065765804,3.0283296470355157,Lille_50.616602_3.028330,Lille
16,0,7,0,1,2,11,22,2,0,0,8,8,4,140,288,50.616602065765804,3.031880349802311,Lille_50.616602_3.031880,Lille
12,0,5,0,2,2,12,31,2,0,0,9,8,3,130,278,50.616602065765804,3.035431052569106,Lille_50.616602_3.035431,Lille
18,0,6,0,2,2,10,35,3,0,0,7,12,4,131,291,50.616602065765804,3.038981755335901,Lille_50.616602_3.038982,Lille
37,1,10,1,2,1,16,31,3,0,0,6,15,3,192,387,50.616602065765804,3.0425324581026962,Lille_50.616602_3.042532,Lille
61,1,25,1,3,1,16,30,1,0,0,11,14,3,202,453,50.616602065765804,3.0460831608694914,Lille_50.616602_3.046083,Lille
63,1,25,1,2,1,16,26,2,0,0,11,17,3,220,465,50.616602065765804,3.0496338636362865,Lille_50.616602_3.049634,Lille
62,1,24,1,2,1,18,25,1,0,0,12,12,2,211,448,50.616602065765804,3.0531845664030817,Lille_50.616602_3.053185,Lille
63,0,26,1,2,2,16,26,1,1,0,14,9,3,187,414,50.616602065765804,3.056735269169877,Lille_50.616602_3.056735,Lille
44,0,16,1,2,1,13,26,1,1,0,14,9,3,169,353,50.616602065765804,3.060285971936672,Lille_50.616602_3.060286,Lille
41,0,23,1,3,1,14,25,0,2,0,12,5,4,204,393,50.616602065765804,3.063836674703467,Lille_50.616602_3.063837,Lille
43,1,35,1,3,2,19,25,0,2,0,8,9,5,206,420,50.616602065765804,3.0673873774702622,Lille_50.616602_3.067387,Lille
23,1,28,0,2,1,15,28,0,2,0,9,10,6,166,356,50.616602065765804,3.0709380802370574,Lille_50.616602_3.070938,Lille
15,1,23,0,1,2,14,30,0,2,0,6,9,6,151,324,50.616602065765804,3.0744887830038525,Lille_50.616602_3.074489,Lille
12,1,15,0,0,2,11,34,1,1,0,4,8,7,98,285,50.616602065765804,3.0780394857706477,Lille_50.616602_3.078039,Lille
7,0,6,0,0,1,5,28,1,0,0,2,4,6,110,257,50.616602065765804,3.081590188537443,Lille_50.616602_3.081590,Lille
4,0,3,0,0,0,2,13,1,0,0,0,0,3,82,162,50.616602065765804,3.088691594071033,Lille_50.616602_3.088692,Lille
16,0,7,0,1,0,5,27,0,0,0,9,7,3,72,200,50.61885431801806,3.0247789442687205,Lille_50.618854_3.024779,Lille
19,0,7,0,1,1,10,28,0,0,0,9,6,3,105,258,50.61885431801806,3.0283296470355157,Lille_50.618854_3.028330,Lille
24,0,7,0,1,1,11,20,2,0,0,11,3,2,124,282,50.61885431801806,3.031880349802311,Lille_50.618854_3.031880,Lille
22,0,5,0,2,1,12,28,2,0,0,12,3,3,136,300,50.61885431801806,3.035431052569106,Lille_50.618854_3.035431,Lille
30,0,7,0,2,2,12,36,3,0,0,9,7,4,133,306,50.61885431801806,3.038981755335901,Lille_50.618854_3.038982,Lille
39,1,7,1,2,1,14,33,3,0,0,8,9,3,180,369,50.61885431801806,3.0425324581026962,Lille_50.618854_3.042532,Lille
69,1,24,1,3,2,14,35,1,0,0,12,12,3,221,483,50.61885431801806,3.0460831608694914,Lille_50.618854_3.046083,Lille
79,1,32,1,2,2,16,31,2,0,0,12,15,3,211,486,50.61885431801806,3.0496338636362865,Lille_50.618854_3.049634,Lille
81,1,31,1,2,1,14,26,1,0,0,11,10,3,181,437,50.61885431801806,3.0531845664030817,Lille_50.618854_3.053185,Lille
86,0,34,0,2,2,14,26,1,1,0,13,11,4,167,428,50.61885431801806,3.056735269169877,Lille_50.618854_3.056735,Lille
65,0,26,0,2,1,15,24,1,1,0,11,12,5,133,359,50.61885431801806,3.060285971936672,Lille_50.618854_3.060286,Lille
53,0,24,0,3,1,14,18,0,2,1,9,8,5,184,388,50.61885431801806,3.063836674703467,Lille_50.618854_3.063837,Lille
58,1,36,0,3,2,24,21,0,2,1,9,13,6,206,456,50.61885431801806,3.0673873774702622,Lille_50.618854_3.067387,Lille
37,1,30,0,3,1,19,24,1,2,1,10,14,6,169,392,50.61885431801806,3.0709380802370574,Lille_50.618854_3.070938,Lille
22,1,25,0,2,2,17,26,1,2,1,7,13,5,175,370,50.61885431801806,3.0744887830038525,Lille_50.618854_3.074489,Lille
18,1,16,0,1,2,14,34,2,1,0,6,11,7,128,331,50.61885431801806,3.0780394857706477,Lille_50.618854_3.078039,Lille
6,0,5,0,1,1,7,33,2,0,0,2,6,6,139,287,50.61885431801806,3.081590188537443,Lille_50.618854_3.081590,Lille
11,0,9,0,1,1,10,24,1,0,0,1,2,4,141,270,50.61885431801806,3.085140891304238,Lille_50.618854_3.085141,Lille
13,0,6,0,1,0,10,24,1,0,0,0,2,5,107,219,50.61885431801806,3.088691594071033,Lille_50.618854_3.088692,Lille
15,0,5,0,1,0,11,16,0,0,0,1,1,4,114,200,50.61885431801806,3.0922422968378283,Lille_50.618854_3.092242,Lille
17,0,4,0,1,0,10,23,0,0,0,2,2,3,83,179,50.61885431801806,3.0957929996046234,Lille_50.618854_3.095793,Lille
13,0,1,0,1,0,8,30,0,0,0,2,3,4,77,172,50.61885431801806,3.0993437023714185,Lille_50.618854_3.099344,Lille
10,0,1,0,0,0,8,27,0,0,0,3,4,5,98,191,50.61885431801806,3.1028944051382137,Lille_50.618854_3.102894,Lille
9,0,1,0,0,0,8,27,0,0,0,2,4,5,94,174,50.61885431801806,3.106445107905009,Lille_50.618854_3.106445,Lille
10,0,4,0,1,1,8,20,0,0,0,1,4,5,115,191,50.61885431801806,3.109995810671804,Lille_50.618854_3.109996,Lille
17,0,6,0,1,1,5,24,1,0,0,2,3,6,128,215,50.61885431801806,3.1170972162053943,Lille_50.618854_3.117097,Lille
28,0,20,0,1,1,6,40,1,0,0,4,3,7,181,322,50.61885431801806,3.1206479189721894,Lille_50.618854_3.120648,Lille
9,0,4,0,0,0,5,31,0,0,0,7,7,4,77,196,50.621106570270314,3.0247789442687205,Lille_50.621107_3.024779,Lille
16,0,6,0,1,0,10,33,0,0,0,6,7,4,98,240,50.621106570270314,3.0283296470355157,Lille_50.621107_3.028330,Lille
25,0,7,0,1,0,12,30,0,0,0,10,4,3,110,268,50.621106570270314,3.031880349802311,Lille_50.621107_3.031880,Lille
28,0,6,1,3,0,13,35,0,2,0,11,7,3,130,310,50.621106570270314,3.035431052569106,Lille_50.621107_3.035431,Lille
38,0,16,1,4,1,13,39,0,2,0,8,13,2,126,325,50.621106570270314,3.038981755335901,Lille_50.621107_3.038982,Lille
40,0,23,1,4,1,13,35,0,2,1,11,15,1,179,418,50.621106570270314,3.0425324581026962,Lille_50.621107_3.042532,Lille
90,0,43,1,6,3,11,35,0,2,1,12,20,1,230,562,50.621106570270314,3.0460831608694914,Lille_50.621107_3.046083,Lille
95,0,56,0,5,3,11,33,1,0,1,11,22,1,209,544,50.621106570270314,3.0496338636362865,Lille_50.621107_3.049634,Lille
94,0,48,1,4,2,9,30,1,0,1,10,18,2,179,485,50.621106570270314,3.0531845664030817,Lille_50.621107_3.053185,Lille
115,0,47,1,4,3,11,31,1,0,0,9,22,5,153,466,50.621106570270314,3.056735269169877,Lille_50.621107_3.056735,Lille
71,0,34,3,3,1,17,27,1,0,0,6,20,6,108,363,50.621106570270314,3.060285971936672,Lille_50.621107_3.060286,Lille
63,0,34,5,4,1,18,23,0,0,1,7,19,6,140,394,50.621106570270314,3.063836674703467,Lille_50.621107_3.063837,Lille
68,1,45,4,4,2,28,26,0,0,1,7,22,7,147,443,50.621106570270314,3.0673873774702622,Lille_50.621107_3.067387,Lille
41,1,38,4,4,1,21,27,1,0,1,8,19,7,116,366,50.621106570270314,3.0709380802370574,Lille_50.621107_3.070938,Lille
28,1,35,2,3,2,16,24,1,0,1,7,26,6,128,348,50.621106570270314,3.0744887830038525,Lille_50.621107_3.074489,Lille
21,1,18,0,1,2,14,32,2,0,0,5,19,9,102,309,50.621106570270314,3.0780394857706477,Lille_50.621107_3.078039,Lille
9,0,7,0,1,1,7,27,2,0,0,2,13,9,132,280,50.621106570270314,3.081590188537443,Lille_50.621107_3.081590,Lille
17,0,11,0,1,1,13,21,1,0,0,2,10,6,141,287,50.621106570270314,3.085140891304238,Lille_50.621107_3.085141,Lille
19,0,7,0,1,0,12,27,1,0,0,1,2,7,112,239,50.621106570270314,3.088691594071033,Lille_50.621107_3.088692,Lille
25,0,7,0,2,0,13,19,0,0,0,2,1,5,117,227,50.621106570270314,3.0922422968378283,Lille_50.621107_3.092242,Lille
26,0,6,0,2,0,13,34,0,0,0,4,2,5,86,221,50.621106570270314,3.0957929996046234,Lille_50.621107_3.095793,Lille
18,0,2,0,2,0,11,35,0,0,0,3,3,6,82,205,50.621106570270314,3.0993437023714185,Lille_50.621107_3.099344,Lille
12,0,1,0,1,0,11,28,0,0,0,5,4,6,108,220,50.621106570270314,3.1028944051382137,Lille_50.621107_3.102894,Lille
9,0,1,0,0,0,9,29,0,0,0,4,4,7,105,198,50.621106570270314,3.106445107905009,Lille_50.621107_3.106445,Lille
8,0,2,0,0,2,8,19,0,0,0,2,4,5,113,185,50.621106570270314,3.109995810671804,Lille_50.621107_3.109996,Lille
7,0,2,0,0,2,4,24,1,0,0,4,5,9,126,205,50.621106570270314,3.113546513438599,Lille_50.621107_3.113547,Lille
13,0,2,0,0,2,3,35,1,0,0,2,3,9,121,210,50.621106570270314,3.1170972162053943,Lille_50.621107_3.117097,Lille
14,0,2,0,0,2,9,45,1,0,0,4,3,10,180,307,50.621106570270314,3.1206479189721894,Lille_50.621107_3.120648,Lille
99,2,16,2,2,3,18,67,1,0,0,6,6,9,356,663,50.621106570270314,3.1241986217389845,Lille_50.621107_3.124199,Lille
0,0,1,0,0,0,4,26,0,1,0,4,4,3,41,115,50.62335882252257,3.0212282415019254,Lille_50.623359_3.021228,Lille
0,0,1,0,0,0,1,33,0,0,0,6,4,4,72,166,50.62335882252257,3.0247789442687205,Lille_50.623359_3.024779,Lille
9,0,2,0,2,0,4,46,0,0,0,8,4,4,111,250,50.62335882252257,3.0283296470355157,Lille_50.623359_3.028330,Lille
19,0,5,0,2,0,8,39,0,0,0,12,3,3,118,276,50.62335882252257,3.031880349802311,Lille_50.623359_3.031880,Lille
35,0,7,4,4,1,14,50,0,2,0,13,8,3,137,356,50.62335882252257,3.035431052569106,Lille_50.623359_3.035431,Lille
49,0,18,4,5,2,15,57,0,2,0,10,14,1,133,380,50.62335882252257,3.038981755335901,Lille_50.623359_3.038982,Lille
112,2,40,5,5,2,13,41,0,2,1,12,16,0,153,483,50.62335882252257,3.0425324581026962,Lille_50.623359_3.042532,Lille
187,2,71,6,7,4,9,42,1,3,2,14,21,0,202,665,50.62335882252257,3.0460831608694914,Lille_50.623359_3.046083,Lille
193,2,85,2,6,3,7,35,1,1,2,14,21,0,180,631,50.62335882252257,3.0496338636362865,Lille_50.623359_3.049634,Lille
197,2,81,3,6,2,5,29,1,5,2,13,22,1,159,597,50.62335882252257,3.0531845664030817,Lille_50.623359_3.053185,Lille
149,0,67,3,6,2,13,32,1,5,1,12,27,3,129,511,50.62335882252257,3.056735269169877,Lille_50.623359_3.056735,Lille
85,0,43,3,5,0,20,30,0,4,1,8,27,4,109,398,50.62335882252257,3.060285971936672,Lille_50.623359_3.060286,Lille
71,0,44,5,6,0,18,26,0,4,3,7,28,5,158,439,50.62335882252257,3.063836674703467,Lille_50.623359_3.063837,Lille
63,0,44,4,5,0,24,28,0,0,4,7,27,5,167,463,50.62335882252257,3.0673873774702622,Lille_50.623359_3.067387,Lille
41,0,36,4,4,0,15,27,1,0,4,9,22,5,153,395,50.62335882252257,3.0709380802370574,Lille_50.623359_3.070938,Lille
24,0,36,2,3,1,13,24,1,0,3,7,28,5,152,372,50.62335882252257,3.0744887830038525,Lille_50.623359_3.074489,Lille
16,0,15,0,1,1,12,32,3,0,2,5,21,8,112,300,50.62335882252257,3.0780394857706477,Lille_50.623359_3.078039,Lille
10,0,10,0,2,1,10,26,3,0,0,2,16,8,138,281,50.62335882252257,3.081590188537443,Lille_50.623359_3.081590,Lille
19,0,14,0,2,1,16,24,2,0,0,2,15,6,154,312,50.62335882252257,3.085140891304238,Lille_50.623359_3.085141,Lille
20,0,7,0,2,0,13,27,2,0,0,1,6,7,109,235,50.62335882252257,3.088691594071033,Lille_50.623359_3.088692,Lille
26,0,8,0,3,0,14,20,0,0,0,3,3,5,117,236,50.62335882252257,3.0922422968378283,Lille_50.623359_3.092242,Lille
22,0,7,0,2,0,12,32,0,0,0,6,4,5,90,221,50.62335882252257,3.0957929996046234,Lille_50.623359_3.095793,Lille
13,0,4,0,2,0,11,37,0,0,0,5,2,11,83,208,50.62335882252257,3.0993437023714185,Lille_50.623359_3.099344,Lille
14,0,4,1,2,1,11,35,0,0,0,9,5,10,107,240,50.62335882252257,3.1028944051382137,Lille_50.623359_3.102894,Lille
24,0,5,6,3,1,9,36,0,0,0,8,7,11,107,245,50.62335882252257,3.106445107905009,Lille_50.623359_3.106445,Lille
28,0,6,6,3,3,9,31,0,0,0,6,6,9,108,237,50.62335882252257,3.109995810671804,Lille_50.623359_3.109996,Lille
28,0,5,6,3,3,4,30,0,0,0,7,6,6,161,279,50.62335882252257,3.113546513438599,Lille_50.623359_3.113547,Lille
29,0,4,5,2,2,5,34,0,0,0,3,2,7,156,269,50.62335882252257,3.1170972162053943,Lille_50.623359_3.117097,Lille
14,0,5,0,0,2,11,36,0,0,0,5,1,8,221,347,50.62335882252257,3.1206479189721894,Lille_50.623359_3.120648,Lille
2,0,3,0,0,0,7,15,0,0,0,4,3,4,32,89,50.625611074774824,3.014126835968335,Lille_50.625611_3.014127,Lille
3,0,5,0,0,0,9,29,0,0,0,2,4,4,45,123,50.625611074774824,3.0176775387351302,Lille_50.625611_3.017678,Lille
6,0,5,0,0,0,7,35,0,0,0,3,4,3,49,141,50.625611074774824,3.0212282415019254,Lille_50.625611_3.021228,Lille
5,0,5,0,0,0,5,38,0,0,0,5,3,5,70,175,50.625611074774824,3.0247789442687205,Lille_50.625611_3.024779,Lille
13,0,3,0,2,0,7,50,0,0,0,6,4,4,95,233,50.625611074774824,3.0283296470355157,Lille_50.625611_3.028330,Lille
21,0,6,0,2,1,7,39,0,0,0,9,4,2,85,227,50.625611074774824,3.031880349802311,Lille_50.625611_3.031880,Lille
29,0,8,7,3,2,11,41,0,2,0,9,10,2,102,296,50.625611074774824,3.035431052569106,Lille_50.625611_3.035431,Lille
53,0,24,8,5,3,13,48,0,3,0,6,14,1,99,339,50.625611074774824,3.038981755335901,Lille_50.625611_3.038982,Lille
120,2,46,9,5,3,12,38,0,3,1,8,17,0,94,434,50.625611074774824,3.0425324581026962,Lille_50.625611_3.042532,Lille
205,2,67,12,6,4,8,41,2,4,2,9,23,1,142,612,50.625611074774824,3.0460831608694914,Lille_50.625611_3.046083,Lille
253,2,91,7,7,3,8,36,2,2,2,11,25,1,142,663,50.625611074774824,3.0496338636362865,Lille_50.625611_3.049634,Lille
264,2,98,6,7,2,4,30,2,5,2,10,31,2,168,694,50.625611074774824,3.0531845664030817,Lille_50.625611_3.053185,Lille
217,0,95,7,7,2,12,33,3,5,2,9,38,4,160,648,50.625611074774824,3.056735269169877,Lille_50.625611_3.056735,Lille
139,0,75,5,6,0,19,26,1,4,2,6,45,5,159,544,50.625611074774824,3.060285971936672,Lille_50.625611_3.060286,Lille
90,0,61,6,5,0,19,21,1,6,4,8,46,6,217,550,50.625611074774824,3.063836674703467,Lille_50.625611_3.063837,Lille
63,0,45,5,3,0,22,24,1,2,7,9,42,6,193,496,50.625611074774824,3.0673873774702622,Lille_50.625611_3.067387,Lille
40,0,30,4,3,1,16,28,1,2,6,10,33,7,197,448,50.625611074774824,3.0709380802370574,Lille_50.625611_3.070938,Lille
27,0,33,2,3,1,13,26,2,2,5,7,38,7,187,417,50.625611074774824,3.0744887830038525,Lille_50.625611_3.074489,Lille
18,0,19,0,2,1,10,32,3,0,4,4,28,10,118,296,50.625611074774824,3.0780394857706477,Lille_50.625611_3.078039,Lille
14,0,13,0,3,1,12,32,3,0,0,2,24,11,112,263,50.625611074774824,3.081590188537443,Lille_50.625611_3.081590,Lille
21,0,14,0,2,0,16,27,2,0,0,2,22,10,115,266,50.625611074774824,3.085140891304238,Lille_50.625611_3.085141,Lille
22,0,6,0,2,0,13,28,1,0,0,2,7,9,70,188,50.625611074774824,3.088691594071033,Lille_50.625611_3.088692,Lille
29,0,7,0,3,0,13,27,0,0,0,3,4,6,72,200,50.625611074774824,3.0922422968378283,Lille_50.625611_3.092242,Lille
27,0,9,0,3,0,9,38,0,0,0,5,7,5,57,200,50.625611074774824,3.0957929996046234,Lille_50.625611_3.095793,Lille
22,0,8,0,3,0,8,42,0,0,0,5,11,12,47,197,50.625611074774824,3.0993437023714185,Lille_50.625611_3.099344,Lille
24,0,9,1,3,1,9,39,0,0,0,8,11,11,87,243,50.625611074774824,3.1028944051382137,Lille_50.625611_3.102894,Lille
34,0,11,6,4,1,8,38,0,0,0,10,14,12,112,280,50.625611074774824,3.106445107905009,Lille_50.625611_3.106445,Lille
36,0,10,6,3,3,9,32,0,0,0,9,11,10,124,279,50.625611074774824,3.109995810671804,Lille_50.625611_3.109996,Lille
32,0,7,6,3,3,5,31,0,0,0,10,5,4,195,333,50.625611074774824,3.113546513438599,Lille_50.625611_3.113547,Lille
31,0,5,5,2,2,6,41,0,0,0,7,3,5,193,334,50.625611074774824,3.1170972162053943,Lille_50.625611_3.117097,Lille
14,0,7,0,0,2,12,37,0,0,0,7,2,6,231,374,50.625611074774824,3.1206479189721894,Lille_50.625611_3.120648,Lille
1,0,0,0,0,0,7,26,0,0,0,1,0,1,95,147,50.62786332702708,2.9999240249011545,Lille_50.627863_2.999924,Lille
5,0,2,0,1,0,10,33,0,0,0,3,0,1,110,193,50.62786332702708,3.0034747276679497,Lille_50.627863_3.003475,Lille
5,0,2,0,1,0,11,35,0,0,0,4,0,2,65,152,50.62786332702708,3.007025430434745,Lille_50.627863_3.007025,Lille
5,0,2,0,1,0,9,28,0,0,0,5,2,2,71,162,50.62786332702708,3.01057613320154,Lille_50.627863_3.010576,Lille
4,0,6,0,1,0,6,24,0,0,0,6,4,4,94,184,50.62786332702708,3.014126835968335,Lille_50.627863_3.014127,Lille
4,0,7,0,0,0,9,30,0,0,0,6,5,5,142,246,50.62786332702708,3.0176775387351302,Lille_50.627863_3.017678,Lille
10,0,9,0,1,0,9,39,0,0,1,8,6,4,147,278,50.62786332702708,3.0212282415019254,Lille_50.627863_3.021228,Lille
9,0,9,0,1,0,9,42,0,0,1,10,4,6,146,285,50.62786332702708,3.0247789442687205,Lille_50.627863_3.024779,Lille
12,0,5,0,2,0,9,55,0,0,1,12,5,4,149,310,50.62786332702708,3.0283296470355157,Lille_50.627863_3.028330,Lille
16,0,7,0,2,1,6,45,0,0,1,10,5,2,93,240,50.62786332702708,3.031880349802311,Lille_50.627863_3.031880,Lille
19,0,7,7,2,2,8,45,0,2,0,9,9,2,89,262,50.62786332702708,3.035431052569106,Lille_50.627863_3.035431,Lille
43,0,30,9,4,2,10,49,0,3,0,8,13,1,86,306,50.62786332702708,3.038981755335901,Lille_50.627863_3.038982,Lille
125,2,58,11,4,2,12,41,1,3,1,7,20,3,79,427,50.62786332702708,3.0425324581026962,Lille_50.627863_3.042532,Lille
203,2,78,14,5,3,10,40,3,4,2,9,32,3,105,572,50.62786332702708,3.0460831608694914,Lille_50.627863_3.046083,Lille
264,2,115,10,7,2,10,34,3,2,2,10,37,3,123,678,50.62786332702708,3.0496338636362865,Lille_50.627863_3.049634,Lille
299,3,129,10,7,2,6,28,4,5,2,8,49,4,164,768,50.62786332702708,3.0531845664030817,Lille_50.627863_3.053185,Lille
244,1,124,11,8,3,15,28,4,8,2,6,54,5,172,732,50.62786332702708,3.056735269169877,Lille_50.627863_3.056735,Lille
176,1,107,9,7,1,19,30,2,7,2,4,55,4,201,671,50.62786332702708,3.060285971936672,Lille_50.627863_3.060286,Lille
125,1,83,10,6,1,19,28,3,10,3,6,58,5,361,776,50.62786332702708,3.063836674703467,Lille_50.627863_3.063837,Lille
65,0,50,7,4,1,19,35,2,7,6,7,48,4,329,659,50.62786332702708,3.0673873774702622,Lille_50.627863_3.067387,Lille
42,0,34,5,3,1,11,43,1,4,5,9,37,5,324,593,50.62786332702708,3.0709380802370574,Lille_50.627863_3.070938,Lille
29,0,31,3,3,1,9,41,2,4,4,7,40,6,302,545,50.62786332702708,3.0744887830038525,Lille_50.627863_3.074489,Lille
12,0,16,0,1,1,6,43,2,1,4,5,27,8,127,294,50.62786332702708,3.0780394857706477,Lille_50.627863_3.078039,Lille
22,0,16,0,3,1,10,38,2,0,0,7,26,12,138,308,50.62786332702708,3.081590188537443,Lille_50.627863_3.081590,Lille
25,0,12,1,2,0,11,30,2,0,1,5,24,13,129,282,50.62786332702708,3.085140891304238,Lille_50.627863_3.085141,Lille
43,0,15,1,2,0,8,27,1,0,1,5,11,12,92,244,50.62786332702708,3.088691594071033,Lille_50.627863_3.088692,Lille
55,0,18,1,4,1,10,29,0,0,1,7,9,13,96,285,50.62786332702708,3.0922422968378283,Lille_50.627863_3.092242,Lille
47,0,16,1,3,1,7,40,0,0,1,9,9,9,70,253,50.62786332702708,3.0957929996046234,Lille_50.627863_3.095793,Lille
47,0,18,0,3,1,8,48,0,0,0,8,13,14,56,257,50.62786332702708,3.0993437023714185,Lille_50.627863_3.099344,Lille
32,0,11,1,4,2,10,46,0,0,0,11,11,13,96,282,50.62786332702708,3.1028944051382137,Lille_50.627863_3.102894,Lille
38,0,11,6,4,1,9,43,0,0,0,13,14,10,114,295,50.62786332702708,3.106445107905009,Lille_50.627863_3.106445,Lille
39,0,11,6,3,2,10,33,0,0,0,11,12,8,129,292,50.62786332702708,3.109995810671804,Lille_50.627863_3.109996,Lille
39,0,8,6,3,2,7,30,0,0,0,11,5,1,201,347,50.62786332702708,3.113546513438599,Lille_50.627863_3.113547,Lille
42,0,6,5,2,1,7,37,0,0,0,9,3,4,209,368,50.62786332702708,3.1170972162053943,Lille_50.627863_3.117097,Lille
23,0,8,0,0,1,13,36,0,0,0,7,2,5,248,401,50.62786332702708,3.1206479189721894,Lille_50.627863_3.120648,Lille
1,0,0,0,0,0,3,10,0,0,0,0,0,5,81,109,50.630115579279334,2.992822619367564,Lille_50.630116_2.992823,Lille
1,0,0,0,0,0,4,17,0,0,0,0,0,5,91,127,50.630115579279334,2.9963733221343594,Lille_50.630116_2.996373,Lille
2,0,1,0,1,0,9,26,0,0,0,3,3,1,106,174,50.630115579279334,2.9999240249011545,Lille_50.630116_2.999924,Lille
7,0,4,0,2,0,12,33,0,0,0,5,3,1,117,219,50.630115579279334,3.0034747276679497,Lille_50.630116_3.003475,Lille
7,0,4,0,2,0,13,35,0,0,0,6,3,1,72,177,50.630115579279334,3.007025430434745,Lille_50.630116_3.007025,Lille
8,0,4,0,2,0,11,30,0,0,0,8,5,1,87,200,50.630115579279334,3.01057613320154,Lille_50.630116_3.010576,Lille
7,0,14,0,1,0,9,22,0,0,0,8,7,3,135,249,50.630115579279334,3.014126835968335,Lille_50.630116_3.014127,Lille
7,0,18,0,0,0,12,28,0,0,0,7,10,4,201,334,50.630115579279334,3.0176775387351302,Lille_50.630116_3.017678,Lille
14,0,20,0,1,0,12,35,0,0,1,10,12,4,210,374,50.630115579279334,3.0212282415019254,Lille_50.630116_3.021228,Lille
14,0,24,0,2,1,16,38,0,0,1,11,10,5,211,394,50.630115579279334,3.0247789442687205,Lille_50.630116_3.024779,Lille
16,0,13,0,3,1,13,53,0,0,1,13,8,4,194,382,50.630115579279334,3.0283296470355157,Lille_50.630116_3.028330,Lille
16,0,9,0,3,2,9,40,0,0,1,10,7,3,110,265,50.630115579279334,3.031880349802311,Lille_50.630116_3.031880,Lille
18,0,15,6,3,3,13,44,0,0,0,9,7,2,96,277,50.630115579279334,3.035431052569106,Lille_50.630116_3.035431,Lille
35,0,27,8,3,2,12,53,0,1,0,9,9,2,88,304,50.630115579279334,3.038981755335901,Lille_50.630116_3.038982,Lille
111,2,51,10,3,2,18,42,3,1,0,7,16,3,81,405,50.630115579279334,3.0425324581026962,Lille_50.630116_3.042532,Lille
172,2,71,13,3,2,20,45,5,3,1,7,29,4,109,545,50.630115579279334,3.0460831608694914,Lille_50.630116_3.046083,Lille
249,2,113,10,6,1,19,40,5,3,1,8,54,3,150,720,50.630115579279334,3.0496338636362865,Lille_50.630116_3.049634,Lille
295,3,136,9,6,1,15,28,6,7,1,6,69,4,189,818,50.630115579279334,3.0531845664030817,Lille_50.630116_3.053185,Lille
295,4,165,11,7,2,20,28,6,17,2,6,76,3,206,900,50.630115579279334,3.056735269169877,Lille_50.630116_3.056735,Lille
287,4,166,7,7,1,19,35,5,15,2,4,87,2,235,928,50.630115579279334,3.060285971936672,Lille_50.630116_3.060286,Lille
246,4,134,7,5,2,20,34,7,23,3,6,76,4,372,1008,50.630115579279334,3.063836674703467,Lille_50.630116_3.063837,Lille
180,3,100,5,4,2,19,41,8,19,6,8,68,3,382,933,50.630115579279334,3.0673873774702622,Lille_50.630116_3.067387,Lille
107,0,55,3,3,2,12,50,5,9,5,10,53,4,377,772,50.630115579279334,3.0709380802370574,Lille_50.630116_3.070938,Lille
50,0,35,3,3,2,11,49,5,9,4,8,37,5,364,653,50.630115579279334,3.0744887830038525,Lille_50.630116_3.074489,Lille
9,0,17,1,2,1,5,44,4,1,4,6,24,6,208,377,50.630115579279334,3.0780394857706477,Lille_50.630116_3.078039,Lille
20,0,16,1,3,1,9,46,3,0,0,7,27,10,176,353,50.630115579279334,3.081590188537443,Lille_50.630116_3.081590,Lille
35,0,24,4,4,1,12,36,2,0,1,4,29,13,158,356,50.630115579279334,3.085140891304238,Lille_50.630116_3.085141,Lille
57,0,28,4,4,1,12,30,1,0,1,6,24,14,116,331,50.630115579279334,3.088691594071033,Lille_50.630116_3.088692,Lille
69,0,31,4,6,2,16,33,0,0,1,9,21,16,113,372,50.630115579279334,3.0922422968378283,Lille_50.630116_3.092242,Lille
65,0,29,4,6,2,13,29,0,0,1,10,14,11,90,319,50.630115579279334,3.0957929996046234,Lille_50.630116_3.095793,Lille
55,0,17,0,4,1,10,37,0,0,0,11,13,17,79,289,50.630115579279334,3.0993437023714185,Lille_50.630116_3.099344,Lille
39,0,11,1,5,2,11,41,0,0,0,14,11,13,123,325,50.630115579279334,3.1028944051382137,Lille_50.630116_3.102894,Lille
41,0,10,6,5,1,10,36,0,0,0,14,14,9,126,313,50.630115579279334,3.106445107905009,Lille_50.630116_3.106445,Lille
40,0,9,6,3,1,10,30,0,0,0,15,13,8,133,309,50.630115579279334,3.109995810671804,Lille_50.630116_3.109996,Lille
36,0,6,6,3,1,8,23,0,0,0,13,6,1,181,328,50.630115579279334,3.113546513438599,Lille_50.630116_3.113547,Lille
44,0,4,5,2,0,7,27,0,0,0,11,5,2,183,338,50.630115579279334,3.1170972162053943,Lille_50.630116_3.117097,Lille
29,0,7,0,1,0,7,33,0,0,0,8,4,2,227,377,50.630115579279334,3.1206479189721894,Lille_50.630116_3.120648,Lille
1,0,0,0,0,0,9,18,0,0,0,3,0,3,34,84,50.63236783153159,2.989271916600769,Lille_50.632368_2.989272,Lille
1,0,0,0,0,0,5,9,0,0,0,1,0,3,90,124,50.63236783153159,2.992822619367564,Lille_50.632368_2.992823,Lille
1,0,0,0,0,0,6,15,0,0,0,1,0,3,95,133,50.63236783153159,2.9963733221343594,Lille_50.632368_2.996373,Lille
2,0,1,0,1,0,9,25,0,0,0,3,7,2,108,179,50.63236783153159,2.9999240249011545,Lille_50.632368_2.999924,Lille
8,0,5,0,2,0,15,37,0,0,0,6,7,1,123,245,50.63236783153159,3.0034747276679497,Lille_50.632368_3.003475,Lille
8,0,6,0,3,0,17,40,0,0,0,7,8,1,72,204,50.63236783153159,3.007025430434745,Lille_50.632368_3.007025,Lille
11,0,6,0,3,0,15,37,0,0,0,10,10,1,89,234,50.63236783153159,3.01057613320154,Lille_50.632368_3.010576,Lille
10,0,16,0,2,0,13,31,0,0,0,9,8,3,140,283,50.63236783153159,3.014126835968335,Lille_50.632368_3.014127,Lille
9,0,19,0,1,0,13,30,0,0,0,8,11,4,202,345,50.63236783153159,3.0176775387351302,Lille_50.632368_3.017678,Lille
29,0,26,1,1,0,13,40,0,0,1,11,20,4,210,409,50.63236783153159,3.0212282415019254,Lille_50.632368_3.021228,Lille
28,0,31,1,2,1,16,42,0,0,1,12,18,5,222,442,50.63236783153159,3.0247789442687205,Lille_50.632368_3.024779,Lille
30,0,20,1,2,1,14,46,0,0,1,12,15,4,180,399,50.63236783153159,3.0283296470355157,Lille_50.632368_3.028330,Lille
29,0,15,1,2,2,11,36,0,0,1,12,13,3,107,300,50.63236783153159,3.031880349802311,Lille_50.632368_3.031880,Lille
14,0,15,3,2,2,11,33,0,0,0,12,8,3,96,280,50.63236783153159,3.035431052569106,Lille_50.632368_3.035431,Lille
28,0,26,5,2,1,10,41,0,1,0,14,9,2,98,319,50.63236783153159,3.038981755335901,Lille_50.632368_3.038982,Lille
42,0,37,6,2,1,16,38,3,3,0,13,17,3,126,387,50.63236783153159,3.0425324581026962,Lille_50.632368_3.042532,Lille
76,0,46,8,2,0,18,39,4,4,0,11,32,4,123,447,50.63236783153159,3.0460831608694914,Lille_50.632368_3.046083,Lille
159,0,89,11,5,0,20,35,4,4,0,10,59,4,165,636,50.63236783153159,3.0496338636362865,Lille_50.632368_3.049634,Lille
213,1,120,14,5,0,16,25,8,9,0,5,92,5,193,756,50.63236783153159,3.0531845664030817,Lille_50.632368_3.053185,Lille
325,10,182,22,6,2,16,25,9,38,1,5,105,3,209,1002,50.63236783153159,3.056735269169877,Lille_50.632368_3.056735,Lille
465,17,206,20,7,2,13,29,13,54,1,4,116,2,244,1230,50.63236783153159,3.060285971936672,Lille_50.632368_3.060286,Lille
473,17,198,18,7,4,15,34,23,66,1,7,104,3,435,1466,50.63236783153159,3.063836674703467,Lille_50.632368_3.063837,Lille
405,16,158,12,7,4,15,40,23,61,4,8,78,2,477,1399,50.63236783153159,3.0673873774702622,Lille_50.632368_3.067387,Lille
285,7,94,4,7,3,12,51,20,31,3,11,59,3,491,1168,50.63236783153159,3.0709380802370574,Lille_50.632368_3.070938,Lille
104,0,61,4,6,3,10,54,16,12,3,9,39,5,498,917,50.63236783153159,3.0744887830038525,Lille_50.632368_3.074489,Lille
14,0,19,1,3,1,4,46,8,1,3,7,25,5,297,500,50.63236783153159,3.0780394857706477,Lille_50.632368_3.078039,Lille
20,0,16,1,2,2,8,51,6,0,0,8,28,11,241,447,50.63236783153159,3.081590188537443,Lille_50.632368_3.081590,Lille
33,0,23,4,3,2,11,39,4,0,1,6,28,14,192,409,50.63236783153159,3.085140891304238,Lille_50.632368_3.085141,Lille
57,0,28,4,3,2,13,41,2,0,1,9,24,15,154,404,50.63236783153159,3.088691594071033,Lille_50.632368_3.088692,Lille
70,0,31,4,5,3,17,45,0,0,1,10,21,18,141,430,50.63236783153159,3.0922422968378283,Lille_50.632368_3.092242,Lille
67,0,28,4,6,2,13,36,0,0,1,11,13,12,97,343,50.63236783153159,3.0957929996046234,Lille_50.632368_3.095793,Lille
58,0,15,0,4,1,8,39,0,0,0,11,14,10,78,288,50.63236783153159,3.0993437023714185,Lille_50.632368_3.099344,Lille
38,0,8,1,4,1,8,32,0,0,0,11,10,6,90,260,50.63236783153159,3.1028944051382137,Lille_50.632368_3.102894,Lille
30,0,6,1,2,0,8,25,0,0,0,11,10,2,95,234,50.63236783153159,3.106445107905009,Lille_50.632368_3.106445,Lille
33,0,7,1,1,0,10,19,0,0,0,11,10,3,110,252,50.63236783153159,3.109995810671804,Lille_50.632368_3.109996,Lille
32,0,5,1,2,0,10,13,0,0,0,10,3,2,115,243,50.63236783153159,3.113546513438599,Lille_50.632368_3.113547,Lille
46,0,5,0,2,0,9,20,0,0,0,10,4,3,136,289,50.63236783153159,3.1170972162053943,Lille_50.632368_3.117097,Lille
40,0,7,0,3,0,9,29,0,0,0,7,4,3,162,323,50.63236783153159,3.1206479189721894,Lille_50.632368_3.120648,Lille
98,1,7,4,1,0,6,33,1,0,0,0,0,2,21,183,50.634620083783844,2.9715184027667934,Lille_50.634620_2.971518,Lille
6,0,0,0,0,0,6,31,0,0,0,2,0,3,33,95,50.634620083783844,2.982170511067179,Lille_50.634620_2.982171,Lille
5,0,0,0,0,0,9,32,0,0,0,3,0,2,46,116,50.634620083783844,2.985721213833974,Lille_50.634620_2.985721,Lille
1,0,0,0,0,0,8,23,0,0,0,2,0,3,51,107,50.634620083783844,2.989271916600769,Lille_50.634620_2.989272,Lille
1,0,0,0,0,0,6,14,0,0,0,1,0,3,104,146,50.634620083783844,2.992822619367564,Lille_50.634620_2.992823,Lille
1,0,0,0,0,0,8,13,0,0,0,1,0,3,95,133,50.634620083783844,2.9963733221343594,Lille_50.634620_2.996373,Lille
2,0,1,0,1,0,7,19,0,0,0,3,7,2,102,158,50.634620083783844,2.9999240249011545,Lille_50.634620_2.999924,Lille
7,0,4,0,2,0,11,33,0,0,0,4,7,1,119,217,50.634620083783844,3.0034747276679497,Lille_50.634620_3.003475,Lille
9,0,5,0,3,0,14,40,0,0,0,6,8,1,79,199,50.634620083783844,3.007025430434745,Lille_50.634620_3.007025,Lille
11,0,5,0,3,0,11,38,0,0,0,9,9,1,105,248,50.634620083783844,3.01057613320154,Lille_50.634620_3.010576,Lille
12,0,13,0,2,0,11,42,0,0,0,8,7,3,158,315,50.634620083783844,3.014126835968335,Lille_50.634620_3.014127,Lille
46,1,23,2,2,1,9,27,0,1,0,9,18,4,227,423,50.634620083783844,3.0176775387351302,Lille_50.634620_3.017678,Lille
62,1,31,3,2,1,10,28,0,1,1,10,28,4,227,462,50.634620083783844,3.0212282415019254,Lille_50.634620_3.021228,Lille
62,1,36,3,3,2,14,33,0,1,1,12,27,5,233,490,50.634620083783844,3.0247789442687205,Lille_50.634620_3.024779,Lille
60,1,30,3,3,2,12,36,0,1,1,14,23,4,215,478,50.634620083783844,3.0283296470355157,Lille_50.634620_3.028330,Lille
22,0,18,1,2,1,10,31,0,0,1,14,13,3,129,321,50.634620083783844,3.031880349802311,Lille_50.634620_3.031880,Lille
9,0,16,0,2,1,9,32,0,0,0,14,6,3,121,302,50.634620083783844,3.035431052569106,Lille_50.634620_3.035431,Lille
12,0,22,1,1,0,7,36,0,0,0,14,7,3,137,332,50.634620083783844,3.038981755335901,Lille_50.634620_3.038982,Lille
26,0,30,2,1,0,12,33,3,2,0,13,12,3,180,403,50.634620083783844,3.0425324581026962,Lille_50.634620_3.042532,Lille
35,0,34,2,1,0,18,34,3,3,0,12,27,3,204,465,50.634620083783844,3.0460831608694914,Lille_50.634620_3.046083,Lille
82,0,67,6,3,0,21,36,4,10,0,11,54,3,232,613,50.634620083783844,3.0496338636362865,Lille_50.634620_3.049634,Lille
173,1,107,11,4,0,19,30,10,30,0,8,89,4,220,771,50.634620083783844,3.0531845664030817,Lille_50.634620_3.053185,Lille
417,19,190,19,6,2,18,30,11,96,1,8,108,3,254,1228,50.634620083783844,3.056735269169877,Lille_50.634620_3.056735,Lille
662,31,240,20,9,2,13,39,18,146,1,4,123,4,272,1617,50.634620083783844,3.060285971936672,Lille_50.634620_3.060286,Lille
723,31,257,19,10,4,19,40,33,154,1,3,112,4,471,1937,50.634620083783844,3.063836674703467,Lille_50.634620_3.063837,Lille
649,31,217,13,10,5,20,45,35,135,3,5,84,3,581,1928,50.634620083783844,3.0673873774702622,Lille_50.634620_3.067387,Lille
409,14,140,6,8,4,17,53,33,66,2,7,62,5,622,1541,50.634620083783844,3.0709380802370574,Lille_50.634620_3.070938,Lille
152,3,88,5,5,4,16,50,26,17,2,8,32,5,617,1139,50.634620083783844,3.0744887830038525,Lille_50.634620_3.074489,Lille
49,3,33,2,2,2,7,44,11,3,2,8,18,7,416,692,50.634620083783844,3.0780394857706477,Lille_50.634620_3.078039,Lille
40,2,29,2,3,2,10,47,5,2,0,9,20,12,338,586,50.634620083783844,3.081590188537443,Lille_50.634620_3.081590,Lille
44,0,28,4,6,2,14,41,2,2,1,8,23,13,219,473,50.634620083783844,3.085140891304238,Lille_50.634620_3.085141,Lille
68,0,33,4,6,2,15,56,1,0,1,9,24,15,169,460,50.634620083783844,3.088691594071033,Lille_50.634620_3.088692,Lille
74,0,34,4,8,3,17,56,0,0,1,10,21,16,155,460,50.634620083783844,3.0922422968378283,Lille_50.634620_3.092242,Lille
64,0,26,4,6,2,15,49,0,0,1,11,11,12,99,346,50.634620083783844,3.0957929996046234,Lille_50.634620_3.095793,Lille
49,0,11,0,3,1,12,47,0,0,0,11,4,8,84,274,50.634620083783844,3.0993437023714185,Lille_50.634620_3.099344,Lille
28,0,4,0,3,1,12,30,0,0,0,10,1,4,85,225,50.634620083783844,3.1028944051382137,Lille_50.634620_3.102894,Lille
25,0,4,0,2,0,15,18,0,0,0,10,2,2,127,263,50.634620083783844,3.109995810671804,Lille_50.634620_3.109996,Lille
29,0,5,0,3,0,13,17,0,0,0,8,2,2,115,251,50.634620083783844,3.113546513438599,Lille_50.634620_3.113547,Lille
56,0,6,0,3,0,14,26,0,0,0,9,3,3,133,311,50.634620083783844,3.1170972162053943,Lille_50.634620_3.117097,Lille
53,0,7,2,4,0,17,34,0,0,0,7,3,3,137,330,50.634620083783844,3.1206479189721894,Lille_50.634620_3.120648,Lille
58,0,4,1,1,0,4,38,1,0,0,0,0,3,14,132,50.6368723360361,2.9715184027667934,Lille_50.636872_2.971518,Lille
38,0,2,0,0,0,2,44,0,0,0,0,0,1,8,99,50.6368723360361,2.9750691055335885,Lille_50.636872_2.975069,Lille
16,0,0,0,0,0,2,41,0,0,0,1,0,2,20,86,50.6368723360361,2.9786198083003836,Lille_50.636872_2.978620,Lille
9,0,0,0,0,0,4,39,0,0,0,1,0,2,30,97,50.6368723360361,2.982170511067179,Lille_50.636872_2.982171,Lille
5,0,0,0,0,0,10,41,0,0,1,3,0,2,46,131,50.6368723360361,2.985721213833974,Lille_50.636872_2.985721,Lille
1,0,0,0,0,0,10,33,0,0,1,3,1,2,55,132,50.6368723360361,2.989271916600769,Lille_50.636872_2.989272,Lille
0,0,0,0,0,0,8,21,0,0,1,2,1,2,47,105,50.6368723360361,2.992822619367564,Lille_50.636872_2.992823,Lille
1,0,0,0,0,0,6,19,0,0,1,2,1,3,34,81,50.6368723360361,2.9963733221343594,Lille_50.636872_2.996373,Lille
2,0,1,0,1,0,2,18,0,0,0,2,8,2,39,84,50.6368723360361,2.9999240249011545,Lille_50.636872_2.999924,Lille
4,0,3,0,1,0,5,26,0,0,0,3,7,1,102,171,50.6368723360361,3.0034747276679497,Lille_50.636872_3.003475,Lille
12,0,4,0,3,0,8,33,0,0,0,4,10,1,118,217,50.6368723360361,3.007025430434745,Lille_50.636872_3.007025,Lille
18,0,5,0,3,0,9,38,0,0,0,7,11,1,142,279,50.6368723360361,3.01057613320154,Lille_50.636872_3.010576,Lille
44,0,16,4,4,1,12,44,0,0,0,7,15,1,184,383,50.6368723360361,3.014126835968335,Lille_50.636872_3.014127,Lille
83,1,27,6,6,2,9,33,0,1,0,7,27,2,162,410,50.6368723360361,3.0176775387351302,Lille_50.636872_3.017678,Lille
91,1,34,7,4,2,10,30,0,1,0,9,35,2,189,464,50.6368723360361,3.0212282415019254,Lille_50.636872_3.021228,Lille
87,1,38,7,5,3,14,29,0,1,0,8,34,3,197,470,50.6368723360361,3.0247789442687205,Lille_50.636872_3.024779,Lille
20,0,19,1,1,1,10,24,0,0,1,13,13,3,142,319,50.6368723360361,3.031880349802311,Lille_50.636872_3.031880,Lille
9,0,18,0,2,1,9,22,0,0,1,12,6,3,114,283,50.6368723360361,3.035431052569106,Lille_50.636872_3.035431,Lille
7,0,16,0,1,0,5,26,0,0,1,12,6,3,125,305,50.6368723360361,3.038981755335901,Lille_50.636872_3.038982,Lille
10,0,17,0,1,0,9,20,2,2,0,12,7,1,184,360,50.6368723360361,3.0425324581026962,Lille_50.636872_3.042532,Lille
16,0,21,0,1,0,14,20,2,4,0,12,15,1,218,413,50.6368723360361,3.0460831608694914,Lille_50.636872_3.046083,Lille
48,0,36,3,2,0,15,29,3,12,0,11,41,1,236,516,50.6368723360361,3.0496338636362865,Lille_50.636872_3.049634,Lille
123,0,78,9,3,0,15,26,8,41,0,9,71,2,232,680,50.6368723360361,3.0531845664030817,Lille_50.636872_3.053185,Lille
414,21,174,17,4,1,11,31,11,108,3,10,91,2,267,1206,50.6368723360361,3.056735269169877,Lille_50.636872_3.056735,Lille
740,41,230,19,8,1,8,37,19,160,3,7,116,3,290,1708,50.6368723360361,3.060285971936672,Lille_50.636872_3.060286,Lille
813,41,268,18,9,3,19,36,33,170,4,5,107,3,443,2026,50.6368723360361,3.063836674703467,Lille_50.636872_3.063837,Lille
762,42,234,12,9,4,20,32,36,141,6,5,85,3,601,2094,50.6368723360361,3.0673873774702622,Lille_50.636872_3.067387,Lille
491,22,148,6,8,5,23,34,35,71,3,6,66,4,819,1849,50.6368723360361,3.0709380802370574,Lille_50.636872_3.070938,Lille
157,3,95,4,4,5,21,33,27,19,3,7,32,9,820,1369,50.6368723360361,3.0744887830038525,Lille_50.636872_3.074489,Lille
59,3,37,2,2,3,9,26,12,2,2,7,18,11,673,967,50.6368723360361,3.0780394857706477,Lille_50.636872_3.078039,Lille
43,2,31,2,2,3,12,35,6,2,0,7,18,12,532,783,50.6368723360361,3.081590188537443,Lille_50.636872_3.081590,Lille
36,0,29,4,5,2,12,32,2,2,0,6,19,12,217,449,50.6368723360361,3.085140891304238,Lille_50.636872_3.085141,Lille
39,0,22,4,5,2,13,46,1,0,0,7,19,10,141,374,50.6368723360361,3.088691594071033,Lille_50.636872_3.088692,Lille
37,0,20,4,6,2,13,51,0,0,0,7,15,7,129,354,50.6368723360361,3.0922422968378283,Lille_50.636872_3.092242,Lille
32,0,15,4,6,1,11,43,0,0,0,10,7,7,98,276,50.6368723360361,3.0957929996046234,Lille_50.636872_3.095793,Lille
40,0,3,0,0,0,4,33,1,0,0,1,0,3,7,101,50.639124588288354,2.9715184027667934,Lille_50.639125_2.971518,Lille
37,0,2,0,0,0,2,36,0,0,0,1,0,2,5,91,50.639124588288354,2.9750691055335885,Lille_50.639125_2.975069,Lille
15,0,0,0,0,0,2,33,0,0,0,3,0,1,18,78,50.639124588288354,2.9786198083003836,Lille_50.639125_2.978620,Lille
6,0,0,0,0,0,3,28,0,0,0,3,0,1,29,81,50.639124588288354,2.982170511067179,Lille_50.639125_2.982171,Lille
3,0,0,0,0,0,9,33,0,0,1,4,0,1,70,149,50.639124588288354,2.985721213833974,Lille_50.639125_2.985721,Lille
1,0,1,0,1,0,9,34,0,0,1,4,1,1,76,161,50.639124588288354,2.989271916600769,Lille_50.639125_2.989272,Lille
0,0,2,0,1,0,7,24,0,0,1,2,1,1,66,134,50.639124588288354,2.992822619367564,Lille_50.639125_2.992823,Lille
1,0,2,0,1,0,6,23,0,0,1,2,1,1,51,111,50.639124588288354,2.9963733221343594,Lille_50.639125_2.996373,Lille
2,0,2,0,1,0,0,19,0,0,0,0,5,2,30,65,50.639124588288354,2.9999240249011545,Lille_50.639125_2.999924,Lille
8,0,2,0,0,0,3,28,0,0,0,1,4,2,100,159,50.639124588288354,3.0034747276679497,Lille_50.639125_3.003475,Lille
24,0,2,0,2,0,6,35,0,0,0,3,6,1,116,212,50.639124588288354,3.007025430434745,Lille_50.639125_3.007025,Lille
38,0,8,0,4,0,7,43,0,0,0,4,14,1,135,293,50.639124588288354,3.01057613320154,Lille_50.639125_3.010576,Lille
68,0,15,5,6,1,10,49,0,0,0,4,18,1,145,366,50.639124588288354,3.014126835968335,Lille_50.639125_3.014127,Lille
102,1,23,7,8,2,8,38,0,1,0,6,29,1,102,368,50.639124588288354,3.0176775387351302,Lille_50.639125_3.017678,Lille
3,0,8,0,0,0,2,18,0,0,1,12,4,3,134,280,50.639124588288354,3.038981755335901,Lille_50.639125_3.038982,Lille
4,0,6,0,0,0,2,15,0,2,0,11,5,2,190,317,50.639124588288354,3.0425324581026962,Lille_50.639125_3.042532,Lille
4,0,8,0,0,0,4,15,0,4,0,11,10,1,231,352,50.639124588288354,3.0460831608694914,Lille_50.639125_3.046083,Lille
22,0,14,3,0,0,9,29,1,16,0,11,17,1,234,430,50.639124588288354,3.0496338636362865,Lille_50.639125_3.049634,Lille
96,0,58,9,3,0,9,30,7,47,0,10,43,1,243,629,50.639124588288354,3.0531845664030817,Lille_50.639125_3.053185,Lille
343,18,132,17,4,1,11,38,10,114,3,11,65,1,260,1088,50.639124588288354,3.056735269169877,Lille_50.639125_3.056735,Lille
642,38,203,20,8,1,10,43,19,171,4,9,86,2,278,1579,50.639124588288354,3.060285971936672,Lille_50.639125_3.060286,Lille
704,38,251,18,10,2,17,36,33,172,5,8,89,2,438,1881,50.639124588288354,3.063836674703467,Lille_50.639125_3.063837,Lille
655,39,215,12,8,3,20,28,33,141,7,9,68,2,580,1920,50.639124588288354,3.0673873774702622,Lille_50.639125_3.067387,Lille
429,22,153,5,7,4,20,26,34,71,4,10,49,3,843,1785,50.639124588288354,3.0709380802370574,Lille_50.639125_3.070938,Lille
130,3,87,2,3,4,19,22,25,14,3,9,23,8,868,1350,50.639124588288354,3.0744887830038525,Lille_50.639125_3.074489,Lille
66,3,36,1,1,3,10,21,10,2,2,9,16,10,735,1022,50.639124588288354,3.0780394857706477,Lille_50.639125_3.078039,Lille
56,2,32,4,3,3,14,26,5,2,0,9,13,12,598,855,50.639124588288354,3.081590188537443,Lille_50.639125_3.081590,Lille
36,0,17,3,4,2,11,27,2,2,0,7,9,12,255,453,50.639124588288354,3.085140891304238,Lille_50.639125_3.085141,Lille
35,0,10,3,4,2,10,42,1,0,0,9,9,6,161,353,50.639124588288354,3.088691594071033,Lille_50.639125_3.088692,Lille
24,0,6,3,4,3,10,47,0,0,0,7,3,3,133,303,50.639124588288354,3.0922422968378283,Lille_50.639125_3.092242,Lille
40,0,1,1,1,0,6,39,0,0,0,1,1,2,29,134,50.64137684054061,2.9750691055335885,Lille_50.641377_2.975069,Lille
19,0,1,3,2,1,7,38,0,0,0,3,1,1,46,138,50.64137684054061,2.9786198083003836,Lille_50.641377_2.978620,Lille
22,0,4,5,3,1,10,29,0,0,0,3,3,1,51,152,50.64137684054061,2.982170511067179,Lille_50.641377_2.982171,Lille
18,0,4,5,2,1,14,32,0,0,1,3,3,1,92,209,50.64137684054061,2.985721213833974,Lille_50.641377_2.985721,Lille
16,0,5,5,3,1,12,31,0,0,1,3,4,1,86,200,50.64137684054061,2.989271916600769,Lille_50.641377_2.989272,Lille
15,0,6,3,2,0,9,24,0,0,1,2,4,1,70,166,50.64137684054061,2.992822619367564,Lille_50.641377_2.992823,Lille
1,0,2,0,1,0,4,25,0,0,1,2,1,1,63,121,50.64137684054061,2.9963733221343594,Lille_50.641377_2.996373,Lille
5,0,2,0,1,0,0,23,0,0,0,1,3,2,44,87,50.64137684054061,2.9999240249011545,Lille_50.641377_2.999924,Lille
20,0,2,0,0,0,0,39,0,0,0,2,2,2,109,183,50.64137684054061,3.0034747276679497,Lille_50.641377_3.003475,Lille
41,0,3,0,1,1,5,45,0,0,0,3,4,3,124,243,50.64137684054061,3.007025430434745,Lille_50.641377_3.007025,Lille
55,0,9,0,3,1,5,54,0,0,0,4,16,3,138,322,50.64137684054061,3.01057613320154,Lille_50.641377_3.010576,Lille
83,0,16,5,5,2,8,53,0,0,0,6,22,5,143,387,50.64137684054061,3.014126835968335,Lille_50.641377_3.014127,Lille
114,1,24,7,7,3,9,39,0,1,0,9,33,5,111,407,50.64137684054061,3.0176775387351302,Lille_50.641377_3.017678,Lille
6,0,8,1,1,0,0,7,0,0,1,9,1,2,127,230,50.64137684054061,3.038981755335901,Lille_50.641377_3.038982,Lille
2,0,5,0,0,0,0,4,0,0,0,8,1,2,163,257,50.64137684054061,3.0425324581026962,Lille_50.641377_3.042532,Lille
2,0,5,0,0,0,4,6,0,2,0,8,2,1,202,291,50.64137684054061,3.0460831608694914,Lille_50.641377_3.046083,Lille
15,0,14,0,0,0,9,30,1,16,0,7,8,1,209,403,50.64137684054061,3.0496338636362865,Lille_50.641377_3.049634,Lille
85,0,56,2,2,0,10,38,5,42,1,8,16,1,233,600,50.64137684054061,3.0531845664030817,Lille_50.641377_3.053185,Lille
285,12,113,6,3,0,16,45,7,103,4,10,29,1,273,998,50.64137684054061,3.056735269169877,Lille_50.641377_3.056735,Lille
455,25,170,9,6,0,15,51,12,144,5,10,49,2,269,1298,50.64137684054061,3.060285971936672,Lille_50.641377_3.060286,Lille
471,25,189,9,6,0,20,34,18,139,6,8,54,2,365,1401,50.64137684054061,3.063836674703467,Lille_50.641377_3.063837,Lille
423,26,154,8,4,1,22,27,20,113,6,10,53,3,477,1424,50.64137684054061,3.0673873774702622,Lille_50.641377_3.067387,Lille
244,15,110,7,3,3,21,23,23,52,3,11,45,4,731,1378,50.64137684054061,3.0709380802370574,Lille_50.641377_3.070938,Lille
76,3,56,4,0,3,19,16,18,11,2,10,24,9,825,1171,50.64137684054061,3.0744887830038525,Lille_50.641377_3.074489,Lille
62,3,32,4,0,3,13,17,10,2,1,10,18,12,744,1006,50.64137684054061,3.0780394857706477,Lille_50.641377_3.078039,Lille
56,2,30,7,3,2,16,21,4,2,0,10,12,12,628,867,50.64137684054061,3.081590188537443,Lille_50.641377_3.081590,Lille
34,0,15,3,4,1,11,25,0,2,0,6,6,11,288,453,50.64137684054061,3.085140891304238,Lille_50.641377_3.085141,Lille
32,0,10,3,4,1,10,34,0,0,0,5,6,6,140,294,50.64137684054061,3.088691594071033,Lille_50.641377_3.088692,Lille
22,0,6,3,4,2,9,41,1,0,0,3,2,2,96,232,50.64137684054061,3.0922422968378283,Lille_50.641377_3.092242,Lille
25,0,2,1,1,0,6,42,2,0,0,2,3,3,71,170,50.643629092792864,2.9750691055335885,Lille_50.643629_2.975069,Lille
15,0,2,3,2,1,7,42,2,0,0,4,3,2,81,180,50.643629092792864,2.9786198083003836,Lille_50.643629_2.978620,Lille
22,0,5,5,3,1,10,35,2,0,0,4,4,1,83,192,50.643629092792864,2.982170511067179,Lille_50.643629_2.982171,Lille
19,0,4,6,2,1,12,28,0,0,1,5,4,1,119,232,50.643629092792864,2.985721213833974,Lille_50.643629_2.985721,Lille
17,0,5,6,3,2,12,28,0,0,1,4,4,1,89,206,50.643629092792864,2.989271916600769,Lille_50.643629_2.989272,Lille
17,0,7,4,2,1,11,24,0,0,1,3,4,1,88,201,50.643629092792864,2.992822619367564,Lille_50.643629_2.992823,Lille
7,0,6,1,1,1,7,24,0,0,1,3,2,1,85,170,50.643629092792864,2.9963733221343594,Lille_50.643629_2.996373,Lille
18,0,7,0,2,1,5,20,0,0,0,2,4,1,64,142,50.643629092792864,2.9999240249011545,Lille_50.643629_2.999924,Lille
41,0,8,0,1,1,5,32,1,0,0,2,3,2,111,222,50.643629092792864,3.0034747276679497,Lille_50.643629_3.003475,Lille
59,0,8,0,2,2,6,34,1,0,0,3,6,3,113,251,50.643629092792864,3.007025430434745,Lille_50.643629_3.007025,Lille
70,0,11,0,4,2,5,43,1,0,0,4,17,3,122,301,50.643629092792864,3.01057613320154,Lille_50.643629_3.010576,Lille
88,0,17,5,5,3,8,42,1,0,0,7,23,5,127,357,50.643629092792864,3.014126835968335,Lille_50.643629_3.014127,Lille
6,0,5,1,1,0,1,17,0,0,1,6,4,1,90,201,50.643629092792864,3.038981755335901,Lille_50.643629_3.038982,Lille
0,0,3,0,0,0,1,14,0,0,0,6,4,1,114,208,50.643629092792864,3.0425324581026962,Lille_50.643629_3.042532,Lille
0,0,2,0,0,0,2,22,0,2,0,7,5,2,130,225,50.643629092792864,3.0460831608694914,Lille_50.643629_3.046083,Lille
12,0,12,0,0,0,7,43,0,9,0,7,5,2,163,374,50.643629092792864,3.0496338636362865,Lille_50.643629_3.049634,Lille
48,0,41,3,2,0,8,48,1,20,1,7,8,2,205,517,50.643629092792864,3.0531845664030817,Lille_50.643629_3.053185,Lille
107,3,65,4,2,0,16,55,2,42,4,9,14,2,227,681,50.643629092792864,3.056735269169877,Lille_50.643629_3.056735,Lille
198,11,103,6,3,0,18,55,5,49,5,11,21,2,236,844,50.643629092792864,3.060285971936672,Lille_50.643629_3.060286,Lille
194,11,105,6,3,0,18,31,6,46,6,10,26,3,276,808,50.643629092792864,3.063836674703467,Lille_50.643629_3.063837,Lille
159,11,76,4,1,0,19,28,7,35,5,13,26,4,362,825,50.643629092792864,3.0673873774702622,Lille_50.643629_3.067387,Lille
112,8,59,5,1,1,15,26,10,13,2,12,26,6,581,953,50.643629092792864,3.0709380802370574,Lille_50.643629_3.070938,Lille
24,0,14,3,0,1,8,18,5,0,0,11,17,13,642,818,50.643629092792864,3.0780394857706477,Lille_50.643629_3.078039,Lille
34,0,18,7,1,1,12,24,3,0,0,11,14,13,528,722,50.643629092792864,3.081590188537443,Lille_50.643629_3.081590,Lille
22,0,10,4,1,1,8,23,0,0,0,7,6,10,256,387,50.643629092792864,3.085140891304238,Lille_50.643629_3.085141,Lille
20,0,6,4,1,1,8,24,0,0,0,8,5,5,127,256,50.643629092792864,3.088691594071033,Lille_50.643629_3.088692,Lille
19,0,4,4,1,2,9,32,1,0,0,6,1,2,82,206,50.643629092792864,3.0922422968378283,Lille_50.643629_3.092242,Lille
14,0,2,1,1,0,4,38,2,0,0,3,3,3,78,160,50.64588134504512,2.9750691055335885,Lille_50.645881_2.975069,Lille
13,0,3,3,2,1,5,39,2,0,0,4,3,2,89,182,50.64588134504512,2.9786198083003836,Lille_50.645881_2.978620,Lille
22,0,6,5,3,1,8,40,2,0,0,4,4,2,114,229,50.64588134504512,2.982170511067179,Lille_50.645881_2.982171,Lille
21,0,5,6,2,1,8,32,0,0,0,5,4,1,146,258,50.64588134504512,2.985721213833974,Lille_50.645881_2.985721,Lille
17,0,6,6,3,2,8,31,0,0,0,5,3,1,115,232,50.64588134504512,2.989271916600769,Lille_50.645881_2.989272,Lille
17,0,7,4,2,1,9,30,0,0,0,5,3,1,124,244,50.64588134504512,2.992822619367564,Lille_50.645881_2.992823,Lille
6,0,6,1,1,1,5,23,0,0,0,4,1,2,96,178,50.64588134504512,2.9963733221343594,Lille_50.645881_2.996373,Lille
17,0,7,0,2,1,5,22,0,0,0,4,3,2,75,168,50.64588134504512,2.9999240249011545,Lille_50.645881_2.999924,Lille
40,0,8,0,1,1,5,31,1,0,0,2,3,2,61,175,50.64588134504512,3.0034747276679497,Lille_50.645881_3.003475,Lille
52,0,8,0,1,2,6,28,1,0,0,3,4,4,36,162,50.64588134504512,3.007025430434745,Lille_50.645881_3.007025,Lille
60,0,10,0,3,2,5,36,1,0,0,6,14,3,36,193,50.64588134504512,3.01057613320154,Lille_50.645881_3.010576,Lille
10,0,3,1,2,0,7,15,0,0,0,7,7,1,106,216,50.64588134504512,3.0425324581026962,Lille_50.645881_3.042532,Lille
10,0,1,1,1,0,8,27,0,1,0,7,7,2,126,246,50.64588134504512,3.0460831608694914,Lille_50.645881_3.046083,Lille
8,0,8,0,0,0,11,45,0,7,0,8,4,2,157,364,50.64588134504512,3.0496338636362865,Lille_50.645881_3.049634,Lille
35,0,27,1,2,0,8,48,1,10,1,8,7,3,188,456,50.64588134504512,3.0531845664030817,Lille_50.645881_3.053185,Lille
50,0,37,2,2,0,17,54,1,28,2,8,12,2,214,555,50.64588134504512,3.056735269169877,Lille_50.645881_3.056735,Lille
57,0,65,3,2,0,18,51,3,33,3,8,14,3,200,588,50.64588134504512,3.060285971936672,Lille_50.645881_3.060286,Lille
51,0,65,3,2,0,16,26,4,27,3,8,17,3,207,504,50.64588134504512,3.063836674703467,Lille_50.645881_3.063837,Lille
26,0,49,3,0,0,17,30,5,24,2,12,16,4,245,504,50.64588134504512,3.0673873774702622,Lille_50.645881_3.067387,Lille
17,0,48,4,1,0,10,31,6,6,1,13,16,6,272,493,50.64588134504512,3.0709380802370574,Lille_50.645881_3.070938,Lille
27,0,13,8,3,0,9,24,1,0,0,10,15,8,325,487,50.64588134504512,3.081590188537443,Lille_50.645881_3.081590,Lille
21,0,5,5,2,1,8,22,0,0,0,8,9,6,252,377,50.64588134504512,3.085140891304238,Lille_50.645881_3.085141,Lille
21,0,5,5,2,1,10,24,0,0,0,9,6,4,130,256,50.64588134504512,3.088691594071033,Lille_50.645881_3.088692,Lille
23,0,4,4,2,2,11,29,1,0,0,8,3,3,77,199,50.64588134504512,3.0922422968378283,Lille_50.645881_3.092242,Lille
13,0,3,3,1,2,11,24,1,0,0,8,0,2,79,176,50.64588134504512,3.0957929996046234,Lille_50.645881_3.095793,Lille
34,0,6,3,1,1,11,43,2,0,0,3,3,3,112,240,50.648133597297374,2.9750691055335885,Lille_50.648134_2.975069,Lille
35,0,15,5,2,2,12,48,2,0,0,3,3,2,123,276,50.648133597297374,2.9786198083003836,Lille_50.648134_2.978620,Lille
46,0,20,7,3,1,8,50,2,0,0,4,4,2,156,325,50.648133597297374,2.982170511067179,Lille_50.648134_2.982171,Lille
26,0,18,7,2,1,7,36,0,0,0,5,4,2,155,287,50.648133597297374,2.985721213833974,Lille_50.648134_2.985721,Lille
17,0,16,6,2,2,7,31,0,0,0,5,3,2,107,230,50.648133597297374,2.989271916600769,Lille_50.648134_2.989272,Lille
17,0,8,4,1,1,10,31,0,0,0,5,3,3,112,234,50.648133597297374,2.992822619367564,Lille_50.648134_2.992823,Lille
6,0,4,1,0,1,8,20,0,0,0,5,1,4,75,154,50.648133597297374,2.9963733221343594,Lille_50.648134_2.996373,Lille
17,0,5,0,1,1,11,22,0,0,0,5,3,3,79,185,50.648133597297374,2.9999240249011545,Lille_50.648134_2.999924,Lille
36,0,7,0,1,1,12,30,1,0,0,3,3,3,62,189,50.648133597297374,3.0034747276679497,Lille_50.648134_3.003475,Lille
40,0,8,0,1,2,12,21,1,0,0,3,4,5,36,157,50.648133597297374,3.007025430434745,Lille_50.648134_3.007025,Lille
40,0,5,0,1,2,10,29,1,0,0,6,7,8,46,184,50.648133597297374,3.01057613320154,Lille_50.648134_3.010576,Lille
6,0,8,0,0,0,9,42,0,2,0,10,4,4,112,293,50.648133597297374,3.0496338636362865,Lille_50.648134_3.049634,Lille
31,0,23,1,2,0,6,47,0,2,1,10,9,5,134,367,50.648133597297374,3.0531845664030817,Lille_50.648134_3.053185,Lille
35,0,26,1,2,0,15,49,0,13,1,10,8,4,192,459,50.648133597297374,3.056735269169877,Lille_50.648134_3.056735,Lille
36,0,26,1,2,0,16,44,0,14,1,7,7,4,179,441,50.648133597297374,3.060285971936672,Lille_50.648134_3.060286,Lille
35,0,20,1,3,0,18,25,0,12,1,9,9,3,187,386,50.648133597297374,3.063836674703467,Lille_50.648134_3.063837,Lille
28,0,9,1,2,0,20,31,2,12,0,12,6,5,209,401,50.648133597297374,3.0673873774702622,Lille_50.648134_3.067387,Lille
23,0,5,3,3,0,7,25,0,0,0,6,10,9,242,372,50.648133597297374,3.085140891304238,Lille_50.648134_3.085141,Lille
11,0,2,3,2,0,10,27,0,0,0,8,6,8,137,251,50.648133597297374,3.088691594071033,Lille_50.648134_3.088692,Lille
17,0,2,1,2,0,9,33,1,0,0,9,4,5,79,188,50.648133597297374,3.0922422968378283,Lille_50.648134_3.092242,Lille
13,0,3,3,2,0,9,26,1,0,0,9,1,4,45,138,50.648133597297374,3.0957929996046234,Lille_50.648134_3.095793,Lille
28,0,5,2,0,1,8,36,2,0,0,5,3,3,124,231,50.65038584954963,2.9750691055335885,Lille_50.650386_2.975069,Lille
29,0,17,2,0,1,8,50,4,0,0,4,3,3,153,292,50.65038584954963,2.9786198083003836,Lille_50.650386_2.978620,Lille
32,0,19,2,1,0,2,54,4,0,0,6,2,3,186,327,50.65038584954963,2.982170511067179,Lille_50.650386_2.982171,Lille
13,0,17,2,1,0,0,50,2,0,0,7,2,2,190,302,50.65038584954963,2.985721213833974,Lille_50.650386_2.985721,Lille
6,0,15,1,1,1,2,49,2,0,0,6,1,2,130,244,50.65038584954963,2.989271916600769,Lille_50.650386_2.989272,Lille
7,0,4,1,1,1,6,40,0,0,0,6,0,3,116,220,50.65038584954963,2.992822619367564,Lille_50.650386_2.992823,Lille
6,0,4,1,0,1,8,28,0,0,0,5,1,4,70,156,50.65038584954963,2.9963733221343594,Lille_50.650386_2.996373,Lille
13,0,6,0,1,1,11,23,1,0,0,4,1,5,62,165,50.65038584954963,2.9999240249011545,Lille_50.650386_2.999924,Lille
22,0,7,0,1,1,13,15,2,0,0,2,1,4,48,147,50.65038584954963,3.0034747276679497,Lille_50.650386_3.003475,Lille
29,0,9,1,2,0,12,38,0,0,1,7,5,6,149,345,50.65038584954963,3.060285971936672,Lille_50.650386_3.060286,Lille
31,0,9,1,4,0,16,28,0,0,1,12,7,4,164,338,50.65038584954963,3.063836674703467,Lille_50.650386_3.063837,Lille
26,0,7,4,3,0,5,28,0,0,0,9,10,11,163,312,50.65038584954963,3.085140891304238,Lille_50.650386_3.085141,Lille
11,0,4,3,2,0,8,32,0,0,0,9,5,9,125,250,50.65038584954963,3.088691594071033,Lille_50.650386_3.088692,Lille
15,0,2,1,2,0,10,36,0,0,0,9,3,10,89,210,50.65038584954963,3.0922422968378283,Lille_50.650386_3.092242,Lille
8,0,1,0,1,0,7,27,0,0,0,9,1,6,46,130,50.65038584954963,3.0957929996046234,Lille_50.650386_3.095793,Lille
11,0,0,0,0,0,6,23,0,0,0,7,1,3,28,103,50.65038584954963,3.0993437023714185,Lille_50.650386_3.099344,Lille
20,0,1,1,0,1,9,15,0,0,0,4,0,4,32,100,50.652638101801884,2.9715184027667934,Lille_50.652638_2.971518,Lille
27,0,4,2,0,1,9,22,0,0,0,4,1,3,72,168,50.652638101801884,2.9750691055335885,Lille_50.652638_2.975069,Lille
28,0,16,2,0,1,9,36,2,0,0,3,1,3,116,256,50.652638101801884,2.9786198083003836,Lille_50.652638_2.978620,Lille
31,0,18,2,0,0,3,41,2,0,0,5,1,3,150,296,50.652638101801884,2.982170511067179,Lille_50.652638_2.982171,Lille
11,0,17,1,0,0,0,49,2,0,0,6,1,2,156,294,50.652638101801884,2.985721213833974,Lille_50.652638_2.985721,Lille
4,0,15,0,0,0,0,48,2,0,0,6,1,3,128,256,50.652638101801884,2.989271916600769,Lille_50.652638_2.989272,Lille
5,0,3,0,0,0,2,39,0,0,0,6,0,4,88,182,50.652638101801884,2.992822619367564,Lille_50.652638_2.992823,Lille
2,0,0,0,0,0,3,28,0,0,0,5,0,5,41,113,50.652638101801884,2.9963733221343594,Lille_50.652638_2.996373,Lille
2,0,1,0,0,0,6,20,1,0,0,4,0,6,30,96,50.652638101801884,2.9999240249011545,Lille_50.652638_2.999924,Lille
35,0,10,4,4,0,5,28,0,0,0,7,13,9,151,305,50.652638101801884,3.085140891304238,Lille_50.652638_3.085141,Lille
18,0,5,3,3,0,10,32,0,0,0,6,8,10,119,248,50.652638101801884,3.088691594071033,Lille_50.652638_3.088692,Lille
19,0,2,1,0,1,9,15,0,0,0,4,0,3,31,97,50.65489035405414,2.9715184027667934,Lille_50.654890_2.971518,Lille
24,0,5,2,0,1,9,20,0,0,0,4,1,3,69,160,50.65489035405414,2.9750691055335885,Lille_50.654890_2.975069,Lille
25,0,16,2,0,1,9,33,2,0,0,3,1,3,108,242,50.65489035405414,2.9786198083003836,Lille_50.654890_2.978620,Lille
28,0,18,2,0,0,3,27,2,0,0,5,1,3,120,248,50.65489035405414,2.982170511067179,Lille_50.654890_2.982171,Lille
9,0,16,1,0,0,0,36,2,0,0,5,1,3,125,246,50.65489035405414,2.985721213833974,Lille_50.654890_2.985721,Lille
4,0,14,0,0,0,0,34,2,0,0,5,1,4,94,204,50.65489035405414,2.989271916600769,Lille_50.654890_2.989272,Lille
5,0,3,0,0,0,2,25,0,0,0,5,0,5,49,123,50.65489035405414,2.992822619367564,Lille_50.654890_2.992823,Lille
2,0,0,0,0,0,3,21,0,0,0,5,0,5,25,86,50.65489035405414,2.9963733221343594,Lille_50.654890_2.996373,Lille
34,0,11,3,4,0,10,38,0,0,0,6,12,16,128,298,50.65489035405414,3.085140891304238,Lille_50.654890_3.085141,Lille
16,0,5,2,2,0,11,39,0,0,0,5,8,14,115,247,50.65489035405414,3.088691594071033,Lille_50.654890_3.088692,Lille
1,0,1,0,0,0,4,9,0,0,0,2,0,3,13,38,50.657142606306394,2.9715184027667934,Lille_50.657143_2.971518,Lille
1,0,1,0,0,0,4,13,0,0,0,2,1,3,32,72,50.657142606306394,2.9750691055335885,Lille_50.657143_2.975069,Lille
2,0,4,0,0,0,4,25,2,0,0,2,1,3,70,144,50.657142606306394,2.9786198083003836,Lille_50.657143_2.978620,Lille
5,0,4,0,0,0,4,22,2,0,0,3,1,3,77,156,50.657142606306394,2.982170511067179,Lille_50.657143_2.982171,Lille
4,0,3,0,0,0,0,32,2,0,0,3,1,4,88,180,50.657142606306394,2.985721213833974,Lille_50.657143_2.985721,Lille
4,0,3,0,0,0,0,30,2,0,0,2,1,6,74,157,50.657142606306394,2.989271916600769,Lille_50.657143_2.989272,Lille
5,0,0,0,0,0,0,19,0,0,0,2,0,7,33,83,50.657142606306394,2.992822619367564,Lille_50.657143_2.992823,Lille
18,0,9,2,2,0,8,36,0,0,0,5,8,15,64,206,50.657142606306394,3.085140891304238,Lille_50.657143_3.085141,Lille
4,0,1,0,0,0,3,11,0,0,0,1,2,4,59,116,50.65939485855865,2.9786198083003836,Lille_50.659395_2.978620,Lille
1,0,1,0,0,0,3,4,0,0,0,2,1,4,65,117,50.65939485855865,2.982170511067179,Lille_50.659395_2.982171,Lille
0,0,0,0,0,0,0,5,0,0,0,2,1,3,69,125,50.65939485855865,2.985721213833974,Lille_50.659395_2.985721,Lille
