point_id,city,lat,lon,shops_total,shops_shoes,restaurants,banks,pharmacy,metro_station,bus_stop,parking,walkability_score,hotels,attractions,museums,parks,business_centers,residential_buildings,total_pois,attractiveness_score,competition_score,accessibility_score,suitability_score
Lille_50.603089_3.049634,Lille,50.603088552252274,3.0496338636362865,15,0,2,0,1,0,13,37,159,0,0,0,13,5,4,304,22.11,1.0,20.3,44.84
Lille_50.603089_3.053185,Lille,50.603088552252274,3.0531845664030817,22,0,4,0,2,0,11,25,148,0,0,0,12,3,3,281,21.21,1.0,16.7,44.13
Lille_50.605341_3.035431,Lille,50.60534080450453,3.035431052569106,3,0,9,0,0,1,20,56,122,0,0,0,2,4,2,262,4.34,1.0,34.86,47.38
Lille_50.605341_3.038982,Lille,50.60534080450453,3.038981755335901,6,0,8,0,0,1,23,62,123,0,0,0,4,8,2,288,8.06,1.0,37.93,48.36
Lille_50.605341_3.046083,Lille,50.60534080450453,3.0460831608694914,6,0,5,0,0,1,16,53,236,0,0,0,11,5,3,398,18.32,1.0,35.5,47.64
Lille_50.605341_3.049634,Lille,50.60534080450453,3.0496338636362865,12,0,1,0,0,0,13,43,213,0,0,0,14,5,4,367,22.75,1.0,23.07,45.28
Lille_50.605341_3.053185,Lille,50.60534080450453,3.0531845664030817,23,0,3,0,1,0,10,34,200,0,0,0,13,2,2,341,21.69,1.0,19.13,44.46
Lille_50.605341_3.056735,Lille,50.60534080450453,3.056735269169877,22,0,3,0,1,0,10,19,134,0,0,0,13,1,2,246,21.53,1.0,14.61,43.45
Lille_50.607593_3.031880,Lille,50.607593056756784,3.031880349802311,1,0,3,0,0,1,14,47,99,0,0,0,0,4,1,203,0.84,1.0,28.44,45.79
Lille_50.607593_3.035431,Lille,50.607593056756784,3.035431052569106,1,0,4,0,0,1,18,56,145,0,0,0,3,3,2,278,5.43,1.0,34.23,46.98
Lille_50.607593_3.038982,Lille,50.607593056756784,3.038981755335901,10,0,3,0,1,1,20,52,142,0,0,0,5,5,2,297,9.68,1.0,34.95,47.5
Lille_50.607593_3.042532,Lille,50.607593056756784,3.042532458102696,11,0,3,0,1,1,17,53,229,0,0,0,10,7,2,395,17.81,1.0,35.97,47.89
Lille_50.607593_3.046083,Lille,50.607593056756784,3.0460831608694914,10,0,2,0,1,1,15,37,299,0,0,0,12,4,3,449,20.39,1.0,34.57,47.4
Lille_50.607593_3.049634,Lille,50.607593056756784,3.0496338636362865,13,0,1,0,1,0,11,29,299,0,0,0,16,4,4,439,26.58,1.0,22.52,45.12
Lille_50.607593_3.053185,Lille,50.607593056756784,3.0531845664030817,18,0,3,0,1,0,9,30,298,0,0,0,14,3,2,426,23.41,1.0,21.21,44.82
Lille_50.607593_3.056735,Lille,50.607593056756784,3.056735269169877,19,0,4,0,1,0,11,24,223,1,0,0,13,1,2,339,21.65,1.0,19.15,44.3
Lille_50.607593_3.070938,Lille,50.607593056756784,3.0709380802370574,41,1,10,10,4,0,12,47,54,0,0,0,6,11,7,237,23.86,3.18,17.45,45.05
Lille_50.609845_3.028330,Lille,50.60984530900904,3.028329647035516,2,0,1,0,0,0,9,43,133,0,0,0,2,5,2,239,4.0,1.0,17.44,43.72
Lille_50.609845_3.031880,Lille,50.60984530900904,3.031880349802311,1,0,2,0,0,2,13,45,121,0,0,0,1,6,3,232,2.66,1.0,36.18,47.63
Lille_50.609845_3.035431,Lille,50.60984530900904,3.035431052569106,1,0,3,0,0,2,15,58,154,0,0,0,3,6,3,295,5.85,1.0,40.69,48.56
Lille_50.609845_3.038982,Lille,50.60984530900904,3.038981755335901,12,0,4,0,1,2,19,47,143,0,0,0,2,9,2,309,5.7,1.0,41.53,49.22
Lille_50.609845_3.042532,Lille,50.60984530900904,3.042532458102696,19,0,8,0,2,2,20,46,212,0,0,0,2,12,2,400,7.31,1.0,44.48,50.35
Lille_50.609845_3.046083,Lille,50.60984530900904,3.0460831608694914,21,0,6,0,2,1,17,33,251,0,0,0,3,9,2,420,8.25,1.0,33.74,47.96
Lille_50.609845_3.049634,Lille,50.60984530900904,3.0496338636362865,22,0,5,0,2,0,13,22,253,0,0,0,7,8,3,400,14.28,1.0,21.31,45.48
Lille_50.609845_3.053185,Lille,50.60984530900904,3.0531845664030817,22,0,6,0,2,0,12,31,273,0,0,0,8,5,2,414,15.42,1.0,22.63,45.45
Lille_50.609845_3.056735,Lille,50.60984530900904,3.056735269169877,26,0,9,1,2,0,14,31,235,1,0,0,10,1,2,377,19.01,1.0,22.75,45.36
Lille_50.609845_3.060286,Lille,50.60984530900904,3.060285971936672,39,0,11,3,3,0,13,41,166,1,0,0,13,3,2,331,26.73,1.44,21.14,45.43
Lille_50.609845_3.067387,Lille,50.60984530900904,3.0673873774702622,32,0,11,3,2,0,8,43,85,1,1,0,9,3,3,222,19.68,1.18,15.07,44.21
Lille_50.609845_3.070938,Lille,50.60984530900904,3.0709380802370574,35,1,11,10,4,0,9,44,61,0,1,0,7,10,6,229,25.39,2.96,15.1,44.37
Lille_50.609845_3.074489,Lille,50.60984530900904,3.0744887830038525,20,1,9,8,3,0,6,37,49,0,1,0,6,8,7,190,20.79,2.4,11.5,43.33
Lille_50.612098_3.024779,Lille,50.612097561261294,3.0247789442687205,11,0,8,0,2,0,7,32,185,0,0,0,4,1,2,282,8.64,1.0,16.17,43.6
Lille_50.612098_3.028330,Lille,50.612097561261294,3.028329647035516,6,0,2,0,0,1,5,33,124,0,0,0,5,4,2,219,8.59,1.0,20.78,44.45
Lille_50.612098_3.031880,Lille,50.612097561261294,3.031880349802311,2,0,4,0,0,3,8,33,125,2,0,0,3,5,3,228,5.88,1.0,38.96,48.19
Lille_50.612098_3.035431,Lille,50.612097561261294,3.035431052569106,0,0,5,0,0,3,9,49,155,2,0,0,5,6,3,286,9.23,1.0,43.1,49.07
Lille_50.612098_3.038982,Lille,50.612097561261294,3.038981755335901,13,0,5,0,1,3,11,40,154,3,0,0,4,9,3,312,9.08,1.0,43.15,49.67
Lille_50.612098_3.042532,Lille,50.612097561261294,3.042532458102696,34,1,9,1,2,2,15,40,222,3,0,0,2,11,2,408,8.26,2.92,40.36,49.12
Lille_50.612098_3.046083,Lille,50.612097561261294,3.0460831608694914,40,1,6,1,2,1,13,30,243,1,0,0,6,8,2,422,13.7,3.14,30.16,46.84
Lille_50.612098_3.049634,Lille,50.612097561261294,3.0496338636362865,43,1,5,1,2,0,12,19,240,1,0,0,7,7,2,396,15.04,3.25,19.7,44.68
Lille_50.612098_3.053185,Lille,50.612097561261294,3.0531845664030817,36,1,5,1,1,0,13,31,261,0,0,0,9,4,1,408,16.75,3.0,22.93,44.92
Lille_50.612098_3.056735,Lille,50.612097561261294,3.056735269169877,25,0,7,1,1,0,14,30,225,1,1,0,12,1,1,359,21.21,1.0,22.25,45.1
Lille_50.612098_3.060286,Lille,50.612097561261294,3.060285971936672,35,0,9,3,2,0,12,38,178,1,1,0,14,2,1,324,27.21,1.29,20.4,45.02
Lille_50.612098_3.063837,Lille,50.612097561261294,3.063836674703467,33,0,9,3,2,0,10,40,183,1,2,0,12,2,3,329,24.14,1.22,19.44,44.96
Lille_50.612098_3.067387,Lille,50.612097561261294,3.0673873774702622,29,0,11,3,2,0,6,32,163,1,2,0,8,2,3,285,18.02,1.07,14.7,44.02
Lille_50.612098_3.070938,Lille,50.612097561261294,3.0709380802370574,24,1,9,6,3,0,7,33,131,0,2,0,7,6,5,267,20.37,2.55,14.45,43.65
Lille_50.612098_3.074489,Lille,50.612097561261294,3.0744887830038525,9,1,7,4,2,0,6,29,117,0,2,0,5,5,5,231,14.37,2.0,12.66,42.96
Lille_50.614350_3.028330,Lille,50.61434981351355,3.028329647035516,14,0,6,0,0,1,10,31,114,0,0,0,8,8,3,238,14.18,1.0,23.71,45.76
Lille_50.614350_3.031880,Lille,50.61434981351355,3.031880349802311,11,0,6,0,0,2,9,29,139,2,0,0,6,8,4,259,11.18,1.0,31.56,47.33
Lille_50.614350_3.035431,Lille,50.61434981351355,3.035431052569106,3,0,5,0,0,2,7,36,137,2,0,0,6,8,3,255,11.12,1.0,31.11,46.91
Lille_50.614350_3.038982,Lille,50.61434981351355,3.038981755335901,14,0,5,0,1,2,5,32,136,3,0,0,6,11,4,276,12.53,1.0,29.05,47.12
Lille_50.614350_3.042532,Lille,50.61434981351355,3.042532458102696,34,1,8,1,2,1,11,31,192,3,0,0,4,13,3,367,11.64,2.92,27.12,46.68
Lille_50.614350_3.046083,Lille,50.61434981351355,3.0460831608694914,41,1,6,1,2,1,13,23,222,1,0,0,8,12,3,407,17.48,3.18,28.39,46.89
Lille_50.614350_3.049634,Lille,50.61434981351355,3.0496338636362865,44,1,5,1,2,1,15,20,253,2,0,0,11,13,3,442,22.33,3.29,30.44,47.39
Lille_50.614350_3.053185,Lille,50.61434981351355,3.0531845664030817,35,1,5,1,1,1,17,27,265,1,0,0,10,9,2,439,19.19,2.96,33.33,47.46
Lille_50.614350_3.056735,Lille,50.61434981351355,3.056735269169877,31,0,8,1,1,2,16,29,261,2,1,0,12,6,3,428,22.14,1.14,40.78,49.49
Lille_50.614350_3.060286,Lille,50.61434981351355,3.060285971936672,29,0,11,2,1,1,14,35,214,2,1,0,14,7,3,380,26.48,1.07,30.62,47.59
Lille_50.614350_3.063837,Lille,50.61434981351355,3.063836674703467,26,0,12,2,1,1,15,36,218,1,2,0,11,4,4,382,21.37,1.0,31.62,47.61
Lille_50.614350_3.067387,Lille,50.61434981351355,3.0673873774702622,28,1,21,2,1,2,17,32,203,1,2,0,8,5,5,373,17.42,2.7,39.94,49.06
Lille_50.614350_3.070938,Lille,50.61434981351355,3.0709380802370574,16,2,17,1,1,1,15,37,147,0,2,0,8,6,6,318,16.4,3.92,29.32,46.16
Lille_50.614350_3.074489,Lille,50.61434981351355,3.0744887830038525,11,2,14,0,1,1,12,33,128,0,2,0,6,4,6,278,11.9,3.74,25.92,45.17
Lille_50.614350_3.078039,Lille,50.61434981351355,3.078039485770648,11,2,14,0,1,1,9,32,71,0,1,0,3,4,6,230,7.15,3.74,21.66,44.32
Lille_50.616602_3.024779,Lille,50.61660206576581,3.0247789442687205,18,0,9,0,2,0,5,33,89,0,0,0,9,5,4,225,17.17,1.0,11.57,43.37
Lille_50.616602_3.028330,Lille,50.61660206576581,3.028329647035516,16,0,8,0,1,1,8,33,117,0,0,0,9,9,4,268,16.89,1.0,22.68,45.83
Lille_50.616602_3.031880,Lille,50.61660206576581,3.031880349802311,16,0,7,0,1,2,11,22,140,2,0,0,8,8,4,288,15.23,1.0,31.98,47.58
Lille_50.616602_3.035431,Lille,50.61660206576581,3.035431052569106,12,0,5,0,2,2,12,31,130,2,0,0,9,8,3,278,17.53,1.0,33.69,47.68
Lille_50.616602_3.038982,Lille,50.61660206576581,3.038981755335901,18,0,6,0,2,2,10,35,131,3,0,0,7,12,4,291,15.18,1.0,32.89,48.1
Lille_50.616602_3.042532,Lille,50.61660206576581,3.042532458102696,37,1,10,1,2,1,16,31,192,3,0,0,6,15,3,387,15.22,3.03,30.69,47.65
Lille_50.616602_3.046083,Lille,50.61660206576581,3.0460831608694914,61,1,25,1,3,1,16,30,202,1,0,0,11,14,3,453,24.55,3.92,30.89,48.34
Lille_50.616602_3.049634,Lille,50.61660206576581,3.0496338636362865,63,1,25,1,2,1,16,26,220,2,0,0,11,17,3,465,24.24,3.99,30.91,48.6
Lille_50.616602_3.053185,Lille,50.61660206576581,3.0531845664030817,62,1,24,1,2,1,18,25,211,1,0,0,12,12,2,448,24.87,3.95,31.88,48.29
Lille_50.616602_3.056735,Lille,50.61660206576581,3.056735269169877,63,0,26,1,2,2,16,26,187,1,1,0,14,9,3,414,27.69,2.32,37.77,50.04
Lille_50.616602_3.060286,Lille,50.61660206576581,3.060285971936672,44,0,16,1,2,1,13,26,169,1,1,0,14,9,3,353,27.06,1.62,27.01,47.36
Lille_50.616602_3.063837,Lille,50.61660206576581,3.063836674703467,41,0,23,1,3,1,14,25,204,0,2,0,12,5,4,393,24.59,1.51,28.78,47.64
Lille_50.616602_3.067387,Lille,50.61660206576581,3.0673873774702622,43,1,35,1,3,2,19,25,206,0,2,0,8,9,5,420,19.75,3.25,40.42,50.05
Lille_50.616602_3.070938,Lille,50.61660206576581,3.0709380802370574,23,1,28,0,2,1,15,28,166,0,2,0,9,10,6,356,19.31,2.52,28.63,47.39
Lille_50.616602_3.074489,Lille,50.61660206576581,3.0744887830038525,15,1,23,0,1,2,14,30,151,0,2,0,6,9,6,324,13.28,2.22,35.7,48.49
Lille_50.616602_3.078039,Lille,50.61660206576581,3.078039485770648,12,1,15,0,0,2,11,34,98,1,1,0,4,8,7,285,8.62,2.11,32.32,47.55
Lille_50.616602_3.081590,Lille,50.61660206576581,3.081590188537443,7,0,6,0,0,1,5,28,110,1,0,0,2,4,6,257,4.22,1.0,19.55,44.66
Lille_50.616602_3.088692,Lille,50.61660206576581,3.088691594071033,4,0,3,0,0,0,2,13,82,1,0,0,0,0,3,162,0.25,1.0,6.2,41.27
Lille_50.618854_3.024779,Lille,50.61885431801806,3.0247789442687205,16,0,7,0,1,0,5,27,72,0,0,0,9,7,3,200,16.5,1.0,10.09,43.04
Lille_50.618854_3.028330,Lille,50.61885431801806,3.028329647035516,19,0,7,0,1,1,10,28,105,0,0,0,9,6,3,258,16.34,1.0,22.95,45.62
Lille_50.618854_3.031880,Lille,50.61885431801806,3.031880349802311,24,0,7,0,1,1,11,20,124,2,0,0,11,3,2,282,19.11,1.0,23.13,45.48
Lille_50.618854_3.035431,Lille,50.61885431801806,3.035431052569106,22,0,5,0,2,1,12,28,136,2,0,0,12,3,3,300,21.4,1.0,25.45,45.91
Lille_50.618854_3.038982,Lille,50.61885431801806,3.038981755335901,30,0,7,0,2,2,12,36,133,3,0,0,9,7,4,306,17.56,1.11,34.54,48.36
Lille_50.618854_3.042532,Lille,50.61885431801806,3.042532458102696,39,1,7,1,2,1,14,33,180,3,0,0,8,9,3,369,17.18,3.11,29.15,46.81
Lille_50.618854_3.046083,Lille,50.61885431801806,3.0460831608694914,69,1,24,1,3,2,14,35,221,1,0,0,12,12,3,483,25.73,4.21,38.86,49.85
Lille_50.618854_3.049634,Lille,50.61885431801806,3.0496338636362865,79,1,32,1,2,2,16,31,211,2,0,0,12,15,3,486,25.92,4.58,39.35,50.54
Lille_50.618854_3.053185,Lille,50.61885431801806,3.0531845664030817,81,1,31,1,2,1,14,26,181,1,0,0,11,10,3,437,23.42,4.66,28.14,47.9
Lille_50.618854_3.056735,Lille,50.61885431801806,3.056735269169877,86,0,34,0,2,2,14,26,167,1,1,0,13,11,4,428,26.1,3.17,35.65,50.37
Lille_50.618854_3.060286,Lille,50.61885431801806,3.060285971936672,65,0,26,0,2,1,15,24,133,1,1,0,11,12,5,359,22.63,2.4,26.89,48.28
Lille_50.618854_3.063837,Lille,50.61885431801806,3.063836674703467,53,0,24,0,3,1,14,18,184,0,2,1,9,8,5,388,19.65,1.96,27.05,47.79
Lille_50.618854_3.067387,Lille,50.61885431801806,3.0673873774702622,58,1,36,0,3,2,24,21,206,0,2,1,9,13,6,456,21.23,3.81,43.4,51.26
Lille_50.618854_3.070938,Lille,50.61885431801806,3.0709380802370574,37,1,30,0,3,1,19,24,169,1,2,1,10,14,6,392,22.63,3.03,30.99,48.42
Lille_50.618854_3.074489,Lille,50.61885431801806,3.0744887830038525,22,1,25,0,2,2,17,26,175,1,2,1,7,13,5,370,16.61,2.48,38.07,49.34
Lille_50.618854_3.078039,Lille,50.61885431801806,3.078039485770648,18,1,16,0,1,2,14,34,128,2,1,0,6,11,7,331,13.23,2.33,35.5,48.53
Lille_50.618854_3.081590,Lille,50.61885431801806,3.081590188537443,6,0,5,0,1,1,7,33,139,2,0,0,2,6,6,287,5.4,1.0,22.73,45.4
Lille_50.618854_3.085141,Lille,50.61885431801806,3.085140891304238,11,0,9,0,1,1,10,24,141,1,0,0,1,2,4,270,3.38,1.0,23.6,45.35
Lille_50.618854_3.088692,Lille,50.61885431801806,3.088691594071033,13,0,6,0,1,0,10,24,107,1,0,0,0,2,5,219,1.63,1.0,14.42,43.56
Lille_50.618854_3.092242,Lille,50.61885431801806,3.0922422968378283,15,0,5,0,1,0,11,16,114,0,0,0,1,1,4,200,2.9,1.0,14.19,43.39
Lille_50.618854_3.095793,Lille,50.61885431801806,3.0957929996046234,17,0,4,0,1,0,10,23,83,0,0,0,2,2,3,179,4.56,1.0,13.44,43.26
Lille_50.618854_3.099344,Lille,50.61885431801806,3.0993437023714185,13,0,1,0,1,0,8,30,77,0,0,0,2,3,4,172,4.54,1.0,12.85,43.11
Lille_50.618854_3.102894,Lille,50.61885431801806,3.1028944051382137,10,0,1,0,0,0,8,27,98,0,0,0,3,4,5,191,5.4,1.0,13.13,43.24
Lille_50.618854_3.106445,Lille,50.61885431801806,3.106445107905009,9,0,1,0,0,0,8,27,94,0,0,0,2,4,5,174,3.84,1.0,12.99,43.18
Lille_50.618854_3.109996,Lille,50.61885431801806,3.109995810671804,10,0,4,0,1,1,8,20,115,0,0,0,1,4,5,191,3.33,1.0,20.67,44.83
Lille_50.618854_3.117097,Lille,50.61885431801806,3.1170972162053943,17,0,6,0,1,1,5,24,128,1,0,0,2,3,6,215,4.92,1.0,19.58,44.86
Lille_50.618854_3.120648,Lille,50.61885431801806,3.1206479189721894,28,0,20,0,1,1,6,40,181,1,0,0,4,3,7,322,8.93,1.03,24.51,46.61
Lille_50.621107_3.024779,Lille,50.62110657027032,3.0247789442687205,9,0,4,0,0,0,5,31,77,0,0,0,7,7,4,196,12.33,1.0,10.86,43.0
Lille_50.621107_3.028330,Lille,50.62110657027032,3.028329647035516,16,0,6,0,1,0,10,33,98,0,0,0,6,7,4,240,11.75,1.0,15.46,44.17
Lille_50.621107_3.031880,Lille,50.62110657027032,3.031880349802311,25,0,7,0,1,0,12,30,110,0,0,0,10,4,3,268,17.58,1.0,16.85,44.41
Lille_50.621107_3.035431,Lille,50.62110657027032,3.035431052569106,28,0,6,1,3,0,13,35,130,0,2,0,11,7,3,310,22.28,1.03,19.0,45.12
Lille_50.621107_3.038982,Lille,50.62110657027032,3.038981755335901,38,0,16,1,4,1,13,39,126,0,2,0,8,13,2,325,20.06,1.4,27.46,47.61
Lille_50.621107_3.042532,Lille,50.62110657027032,3.042532458102696,40,0,23,1,4,1,13,35,179,0,2,1,11,15,1,418,25.58,1.48,28.7,48.16
Lille_50.621107_3.046083,Lille,50.62110657027032,3.0460831608694914,90,0,43,1,6,3,11,35,230,0,2,1,12,20,1,562,30.94,3.32,45.03,53.02
Lille_50.621107_3.049634,Lille,50.62110657027032,3.0496338636362865,95,0,56,0,5,3,11,33,209,1,0,1,11,22,1,544,28.74,3.51,44.01,53.4
Lille_50.621107_3.053185,Lille,50.62110657027032,3.0531845664030817,94,0,48,1,4,2,9,30,179,1,0,1,10,18,2,485,26.02,3.47,33.09,50.75
Lille_50.621107_3.056735,Lille,50.62110657027032,3.056735269169877,115,0,47,1,4,3,11,31,153,1,0,0,9,22,5,466,24.98,4.24,41.77,53.28
Lille_50.621107_3.060286,Lille,50.62110657027032,3.060285971936672,71,0,34,3,3,1,17,27,108,1,0,0,6,20,6,363,20.01,2.62,27.91,49.5
Lille_50.621107_3.063837,Lille,50.62110657027032,3.063836674703467,63,0,34,5,4,1,18,23,140,0,0,1,7,19,6,394,24.0,2.32,29.13,49.56
Lille_50.621107_3.067387,Lille,50.62110657027032,3.0673873774702622,68,1,45,4,4,2,28,26,147,0,0,1,7,22,7,443,24.32,4.18,44.96,52.74
Lille_50.621107_3.070938,Lille,50.62110657027032,3.0709380802370574,41,1,38,4,4,1,21,27,116,1,0,1,8,19,7,366,25.01,3.18,31.04,49.18
Lille_50.621107_3.074489,Lille,50.62110657027032,3.0744887830038525,28,1,35,2,3,2,16,24,128,1,0,1,7,26,6,348,21.81,2.7,35.43,50.27
Lille_50.621107_3.078039,Lille,50.62110657027032,3.078039485770648,21,1,18,0,1,2,14,32,102,2,0,0,5,19,9,309,13.03,2.44,34.3,49.17
Lille_50.621107_3.081590,Lille,50.62110657027032,3.081590188537443,9,0,7,0,1,1,7,27,132,2,0,0,2,13,9,280,6.67,1.0,21.59,46.09
Lille_50.621107_3.085141,Lille,50.62110657027032,3.085140891304238,17,0,11,0,1,1,13,21,141,1,0,0,2,10,6,287,6.37,1.0,25.29,46.69
Lille_50.621107_3.088692,Lille,50.62110657027032,3.088691594071033,19,0,7,0,1,0,12,27,112,1,0,0,1,2,7,239,3.26,1.0,16.47,44.32
Lille_50.621107_3.092242,Lille,50.62110657027032,3.0922422968378283,25,0,7,0,2,0,13,19,117,0,0,0,2,1,5,227,5.45,1.0,16.17,44.19
Lille_50.621107_3.095793,Lille,50.62110657027032,3.0957929996046234,26,0,6,0,2,0,13,34,86,0,0,0,4,2,5,221,8.68,1.0,17.33,44.51
Lille_50.621107_3.099344,Lille,50.62110657027032,3.0993437023714185,18,0,2,0,2,0,11,35,82,0,0,0,3,3,6,205,7.03,1.0,15.92,44.05
Lille_50.621107_3.102894,Lille,50.62110657027032,3.1028944051382137,12,0,1,0,1,0,11,28,108,0,0,0,5,4,6,220,9.39,1.0,15.77,43.9
Lille_50.621107_3.106445,Lille,50.62110657027032,3.106445107905009,9,0,1,0,0,0,9,29,105,0,0,0,4,4,7,198,6.96,1.0,14.39,43.62
Lille_50.621107_3.109996,Lille,50.62110657027032,3.109995810671804,8,0,2,0,0,2,8,19,113,0,0,0,2,4,5,185,3.9,1.0,28.46,46.28
Lille_50.621107_3.113547,Lille,50.62110657027032,3.113546513438599,7,0,2,0,0,2,4,24,126,1,0,0,4,5,9,205,7.25,1.0,26.79,46.31
Lille_50.621107_3.117097,Lille,50.62110657027032,3.1170972162053943,13,0,2,0,0,2,3,35,121,1,0,0,2,3,9,210,3.8,1.0,27.55,46.47
Lille_50.621107_3.120648,Lille,50.62110657027032,3.1206479189721894,14,0,2,0,0,2,9,45,180,1,0,0,4,3,10,307,6.93,1.0,35.37,48.14
Lille_50.621107_3.124199,Lille,50.62110657027032,3.1241986217389845,99,2,16,2,2,3,18,67,356,1,0,0,6,6,9,663,14.87,6.99,59.16,53.41
Lille_50.623359_3.021228,Lille,50.62335882252257,3.0212282415019254,0,0,1,0,0,0,4,26,41,0,1,0,4,4,3,115,7.03,1.0,8.15,41.81
Lille_50.623359_3.024779,Lille,50.62335882252257,3.0247789442687205,0,0,1,0,0,0,1,33,72,0,0,0,6,4,4,166,10.09,1.0,8.13,41.88
Lille_50.623359_3.028330,Lille,50.62335882252257,3.028329647035516,9,0,2,0,2,0,4,46,111,0,0,0,8,4,4,250,15.0,1.0,13.56,43.25
Lille_50.623359_3.031880,Lille,50.62335882252257,3.031880349802311,19,0,5,0,2,0,8,39,118,0,0,0,12,3,3,276,21.28,1.0,15.61,43.86
Lille_50.623359_3.035431,Lille,50.62335882252257,3.035431052569106,35,0,7,4,4,1,14,50,137,0,2,0,13,8,3,356,29.08,1.29,30.2,47.56
Lille_50.623359_3.038982,Lille,50.62335882252257,3.038981755335901,49,0,18,4,5,2,15,57,133,0,2,0,10,14,1,380,26.92,1.81,39.82,50.28
Lille_50.623359_3.042532,Lille,50.62335882252257,3.042532458102696,112,2,40,5,5,2,13,41,153,0,2,1,12,16,0,483,32.69,7.47,36.69,49.83
Lille_50.623359_3.046083,Lille,50.62335882252257,3.0460831608694914,187,2,71,6,7,4,9,42,202,1,3,2,14,21,0,665,41.36,10.23,51.68,55.06
Lille_50.623359_3.049634,Lille,50.62335882252257,3.0496338636362865,193,2,85,2,6,3,7,35,180,1,1,2,14,21,0,631,37.81,10.46,40.45,53.27
Lille_50.623359_3.053185,Lille,50.62335882252257,3.0531845664030817,197,2,81,3,6,2,5,29,159,1,5,2,13,22,1,597,37.27,10.6,29.4,51.17
Lille_50.623359_3.056735,Lille,50.62335882252257,3.056735269169877,149,0,67,3,6,2,13,32,129,1,5,1,12,27,3,511,35.57,5.5,34.52,53.06
Lille_50.623359_3.060286,Lille,50.62335882252257,3.060285971936672,85,0,43,3,5,0,20,30,109,0,4,1,8,27,4,398,26.82,3.14,22.53,49.24
Lille_50.623359_3.063837,Lille,50.62335882252257,3.063836674703467,71,0,44,5,6,0,18,26,158,0,4,3,7,28,5,439,28.19,2.62,22.2,49.18
Lille_50.623359_3.067387,Lille,50.62335882252257,3.0673873774702622,63,0,44,4,5,0,24,28,167,0,0,4,7,27,5,463,26.12,2.32,27.09,49.98
Lille_50.623359_3.070938,Lille,50.62335882252257,3.0709380802370574,41,0,36,4,4,0,15,27,153,1,0,4,9,22,5,395,27.13,1.51,20.03,47.66
Lille_50.623359_3.074489,Lille,50.62335882252257,3.0744887830038525,24,0,36,2,3,1,13,24,152,1,0,3,7,28,5,372,22.33,1.0,26.12,49.09
Lille_50.623359_3.078039,Lille,50.62335882252257,3.078039485770648,16,0,15,0,1,1,12,32,112,3,0,2,5,21,8,300,13.35,1.0,25.22,47.79
Lille_50.623359_3.081590,Lille,50.62335882252257,3.081590188537443,10,0,10,0,2,1,10,26,138,3,0,0,2,16,8,281,8.27,1.0,23.79,46.8
Lille_50.623359_3.085141,Lille,50.62335882252257,3.085140891304238,19,0,14,0,2,1,16,24,154,2,0,0,2,15,6,312,8.3,1.0,28.33,47.84
Lille_50.623359_3.088692,Lille,50.62335882252257,3.088691594071033,20,0,7,0,2,0,13,27,109,2,0,0,1,6,7,235,4.83,1.0,17.08,44.79
Lille_50.623359_3.092242,Lille,50.62335882252257,3.0922422968378283,26,0,8,0,3,0,14,20,117,0,0,0,3,3,5,236,8.27,1.0,17.03,44.58
Lille_50.623359_3.095793,Lille,50.62335882252257,3.0957929996046234,22,0,7,0,2,0,12,32,90,0,0,0,6,4,5,221,12.19,1.0,16.46,44.41
Lille_50.623359_3.099344,Lille,50.62335882252257,3.0993437023714185,13,0,4,0,2,0,11,37,83,0,0,0,5,2,11,208,10.11,1.0,16.25,44.35
Lille_50.623359_3.102894,Lille,50.62335882252257,3.1028944051382137,14,0,4,1,2,1,11,35,107,0,0,0,9,5,10,240,17.71,1.0,24.78,46.24
Lille_50.623359_3.106445,Lille,50.62335882252257,3.106445107905009,24,0,5,6,3,1,9,36,107,0,0,0,8,7,11,245,21.71,1.0,23.5,46.52
Lille_50.623359_3.109996,Lille,50.62335882252257,3.109995810671804,28,0,6,6,3,3,9,31,108,0,0,0,6,6,9,237,18.49,1.03,38.79,49.47
Lille_50.623359_3.113547,Lille,50.62335882252257,3.113546513438599,28,0,5,6,3,3,4,30,161,0,0,0,7,6,6,279,19.99,1.03,36.9,48.83
Lille_50.623359_3.117097,Lille,50.62335882252257,3.1170972162053943,29,0,4,5,2,2,5,34,156,0,0,0,3,2,7,269,11.3,1.07,30.04,47.2
Lille_50.623359_3.120648,Lille,50.62335882252257,3.1206479189721894,14,0,5,0,0,2,11,36,221,0,0,0,5,1,8,347,8.29,1.0,36.87,48.21
Lille_50.625611_3.014127,Lille,50.62561107477482,3.014126835968335,2,0,3,0,0,0,7,15,32,0,0,0,4,3,4,89,6.93,1.0,8.34,41.96
Lille_50.625611_3.017678,Lille,50.62561107477482,3.0176775387351302,3,0,5,0,0,0,9,29,45,0,0,0,2,4,4,123,4.09,1.0,12.31,42.91
Lille_50.625611_3.021228,Lille,50.62561107477482,3.0212282415019254,6,0,5,0,0,0,7,35,49,0,0,0,3,4,3,141,5.65,1.0,11.92,42.84
Lille_50.625611_3.024779,Lille,50.62561107477482,3.0247789442687205,5,0,5,0,0,0,5,38,70,0,0,0,5,3,5,175,8.62,1.0,11.66,42.84
Lille_50.625611_3.028330,Lille,50.62561107477482,3.028329647035516,13,0,3,0,2,0,7,50,95,0,0,0,6,4,4,233,11.94,1.0,15.75,43.82
Lille_50.625611_3.031880,Lille,50.62561107477482,3.031880349802311,21,0,6,0,2,1,7,39,85,0,0,0,9,4,2,227,16.82,1.0,21.76,45.17
Lille_50.625611_3.035431,Lille,50.62561107477482,3.035431052569106,29,0,8,7,3,2,11,41,102,0,2,0,9,10,2,296,24.94,1.07,33.5,48.24
Lille_50.625611_3.038982,Lille,50.62561107477482,3.038981755335901,53,0,24,8,5,3,13,48,99,0,3,0,6,14,1,339,24.56,1.96,43.87,51.31
Lille_50.625611_3.042532,Lille,50.62561107477482,3.042532458102696,120,2,46,9,5,3,12,38,94,0,3,1,8,17,0,434,30.49,7.76,41.49,51.14
Lille_50.625611_3.046083,Lille,50.62561107477482,3.0460831608694914,205,2,67,12,6,4,8,41,142,2,4,2,9,23,1,612,38.06,10.9,48.74,54.83
Lille_50.625611_3.049634,Lille,50.62561107477482,3.0496338636362865,253,2,91,7,7,3,8,36,142,2,2,2,11,25,1,663,39.45,12.67,40.0,54.53
Lille_50.625611_3.053185,Lille,50.62561107477482,3.0531845664030817,264,2,98,6,7,2,4,30,168,2,5,2,10,31,2,694,38.63,13.08,29.14,53.24
Lille_50.625611_3.056735,Lille,50.62561107477482,3.056735269169877,217,0,95,7,7,2,12,33,160,3,5,2,9,38,4,648,38.94,8.01,35.03,55.77
Lille_50.625611_3.060286,Lille,50.62561107477482,3.060285971936672,139,0,75,5,6,0,19,26,159,1,4,2,6,45,5,544,31.35,5.13,22.95,52.41
Lille_50.625611_3.063837,Lille,50.62561107477482,3.063836674703467,90,0,61,6,5,0,19,21,217,1,6,4,8,46,6,550,34.01,3.32,24.21,51.8
Lille_50.625611_3.067387,Lille,50.62561107477482,3.0673873774702622,63,0,45,5,3,0,22,24,193,1,2,7,9,42,6,496,31.26,2.32,25.97,51.04
Lille_50.625611_3.070938,Lille,50.62561107477482,3.0709380802370574,40,0,30,4,3,1,16,28,197,1,2,6,10,33,7,448,29.49,1.48,30.42,50.58
Lille_50.625611_3.074489,Lille,50.62561107477482,3.0744887830038525,27,0,33,2,3,1,13,26,187,2,2,5,7,38,7,417,24.08,1.0,27.63,50.33
Lille_50.625611_3.078039,Lille,50.62561107477482,3.078039485770648,18,0,19,0,2,1,10,32,118,3,0,4,4,28,10,296,14.17,1.0,24.0,48.42
Lille_50.625611_3.081590,Lille,50.62561107477482,3.081590188537443,14,0,13,0,3,1,12,32,112,3,0,0,2,24,11,263,10.62,1.0,25.22,48.15
Lille_50.625611_3.085141,Lille,50.62561107477482,3.085140891304238,21,0,14,0,2,0,16,27,115,2,0,0,2,22,10,266,9.44,1.0,19.43,46.98
Lille_50.625611_3.088692,Lille,50.62561107477482,3.088691594071033,22,0,6,0,2,0,13,28,70,1,0,0,2,7,9,188,6.43,1.0,15.88,44.81
Lille_50.625611_3.092242,Lille,50.62561107477482,3.0922422968378283,29,0,7,0,3,0,13,27,72,0,0,0,3,4,6,200,8.37,1.07,15.8,44.52
Lille_50.625611_3.095793,Lille,50.62561107477482,3.0957929996046234,27,0,9,0,3,0,9,38,57,0,0,0,5,7,5,200,12.11,1.0,14.07,44.36
Lille_50.625611_3.099344,Lille,50.62561107477482,3.0993437023714185,22,0,8,0,3,0,8,42,47,0,0,0,5,11,12,197,12.69,1.0,13.61,44.97
Lille_50.625611_3.102894,Lille,50.62561107477482,3.1028944051382137,24,0,9,1,3,1,9,39,87,0,0,0,8,11,11,243,18.31,1.0,23.26,46.9
Lille_50.625611_3.106445,Lille,50.62561107477482,3.106445107905009,34,0,11,6,4,1,8,38,112,0,0,0,10,14,12,280,27.22,1.25,23.26,47.45
Lille_50.625611_3.109996,Lille,50.62561107477482,3.109995810671804,36,0,10,6,3,3,9,32,124,0,0,0,9,11,10,279,24.24,1.33,39.49,50.3
Lille_50.625611_3.113547,Lille,50.62561107477482,3.113546513438599,32,0,7,6,3,3,5,31,195,0,0,0,10,5,4,333,24.64,1.18,38.94,49.11
Lille_50.625611_3.117097,Lille,50.62561107477482,3.1170972162053943,31,0,5,5,2,2,6,41,193,0,0,0,7,3,5,334,17.78,1.14,33.08,47.79
Lille_50.625611_3.120648,Lille,50.62561107477482,3.1206479189721894,14,0,7,0,0,2,12,37,231,0,0,0,7,2,6,374,11.7,1.0,38.08,48.43
Lille_50.627863_2.999924,Lille,50.62786332702708,2.9999240249011545,1,0,0,0,0,0,7,26,95,0,0,0,1,0,1,147,1.56,1.0,12.16,42.14
Lille_50.627863_3.003475,Lille,50.62786332702708,3.0034747276679497,5,0,2,0,1,0,10,33,110,0,0,0,3,0,1,193,5.68,1.0,15.87,43.05
Lille_50.627863_3.007025,Lille,50.62786332702708,3.007025430434745,5,0,2,0,1,0,11,35,65,0,0,0,4,0,2,152,7.24,1.0,15.33,43.02
Lille_50.627863_3.010576,Lille,50.62786332702708,3.01057613320154,5,0,2,0,1,0,9,28,71,0,0,0,5,2,2,162,9.13,1.0,13.06,42.72
Lille_50.627863_3.014127,Lille,50.62786332702708,3.014126835968335,4,0,6,0,1,0,6,24,94,0,0,0,6,4,4,184,11.27,1.0,11.12,42.73
Lille_50.627863_3.017678,Lille,50.62786332702708,3.0176775387351302,4,0,7,0,0,0,9,30,142,0,0,0,6,5,5,246,10.63,1.0,15.81,43.85
Lille_50.627863_3.021228,Lille,50.62786332702708,3.0212282415019254,10,0,9,0,1,0,9,39,147,0,0,1,8,6,4,278,14.97,1.0,17.33,44.38
Lille_50.627863_3.024779,Lille,50.62786332702708,3.0247789442687205,9,0,9,0,1,0,9,42,146,0,0,1,10,4,6,285,17.77,1.0,17.74,44.43
Lille_50.627863_3.028330,Lille,50.62786332702708,3.028329647035516,12,0,5,0,2,0,9,55,149,0,0,1,12,5,4,310,21.67,1.0,19.79,44.74
Lille_50.627863_3.031880,Lille,50.62786332702708,3.031880349802311,16,0,7,0,2,1,6,45,93,0,0,1,10,5,2,240,18.67,1.0,22.22,45.23
Lille_50.627863_3.035431,Lille,50.62786332702708,3.035431052569106,19,0,7,7,2,2,8,45,89,0,2,0,9,9,2,262,23.85,1.0,31.51,47.49
Lille_50.627863_3.038982,Lille,50.62786332702708,3.038981755335901,43,0,30,9,4,2,10,49,86,0,3,0,8,13,1,306,27.9,1.59,33.43,49.18
Lille_50.627863_3.042532,Lille,50.62786332702708,3.042532458102696,125,2,58,11,4,2,12,41,79,1,3,1,7,20,3,427,31.1,7.95,33.42,50.39
Lille_50.627863_3.046083,Lille,50.62786332702708,3.0460831608694914,203,2,78,14,5,3,10,40,105,3,4,2,9,32,3,572,41.14,10.82,40.74,54.37
Lille_50.627863_3.049634,Lille,50.62786332702708,3.0496338636362865,264,2,115,10,7,2,10,34,123,3,2,2,10,37,3,678,44.0,13.08,32.47,54.93
Lille_50.627863_3.053185,Lille,50.62786332702708,3.0531845664030817,299,3,129,10,7,2,6,28,164,4,5,2,8,49,4,768,43.96,16.03,30.13,55.67
Lille_50.627863_3.056735,Lille,50.62786332702708,3.056735269169877,244,1,124,11,8,3,15,28,172,4,8,2,6,54,5,732,43.25,10.67,44.84,59.56
Lille_50.627863_3.060286,Lille,50.62786332702708,3.060285971936672,176,1,107,9,7,1,19,30,201,2,7,2,4,55,4,671,36.44,8.16,33.0,55.84
Lille_50.627863_3.063837,Lille,50.62786332702708,3.063836674703467,125,1,83,10,6,1,19,28,361,3,10,3,6,58,5,776,38.85,6.28,38.23,55.87
Lille_50.627863_3.067387,Lille,50.62786332702708,3.0673873774702622,65,0,50,7,4,1,19,35,329,2,7,6,7,48,4,659,32.33,2.4,38.17,53.96
Lille_50.627863_3.070938,Lille,50.62786332702708,3.0709380802370574,42,0,34,5,3,1,11,43,324,1,4,5,9,37,5,593,29.75,1.55,33.47,51.49
Lille_50.627863_3.074489,Lille,50.62786332702708,3.0744887830038525,29,0,31,3,3,1,9,41,302,2,4,4,7,40,6,545,25.2,1.07,30.99,51.06
Lille_50.627863_3.078039,Lille,50.62786332702708,3.078039485770648,12,0,16,0,1,1,6,43,127,2,1,4,5,27,8,294,14.52,1.0,23.09,47.75
Lille_50.627863_3.081590,Lille,50.62786332702708,3.081590188537443,22,0,16,0,3,1,10,38,138,2,0,0,7,26,12,308,18.89,1.0,25.58,48.76
Lille_50.627863_3.085141,Lille,50.62786332702708,3.085140891304238,25,0,12,1,2,0,11,30,129,2,0,1,5,24,13,282,15.25,1.0,16.79,46.9
Lille_50.627863_3.088692,Lille,50.62786332702708,3.088691594071033,43,0,15,1,2,0,8,27,92,1,0,1,5,11,12,244,13.26,1.59,12.92,45.37
Lille_50.627863_3.092242,Lille,50.62786332702708,3.0922422968378283,55,0,18,1,4,1,10,29,96,0,0,1,7,9,13,285,17.91,2.03,22.79,47.5
Lille_50.627863_3.095793,Lille,50.62786332702708,3.0957929996046234,47,0,16,1,3,1,7,40,70,0,0,1,9,9,9,253,20.05,1.73,21.39,46.75
Lille_50.627863_3.099344,Lille,50.62786332702708,3.0993437023714185,47,0,18,0,3,1,8,48,56,0,0,0,8,13,14,257,18.34,1.73,22.81,47.8
Lille_50.627863_3.102894,Lille,50.62786332702708,3.1028944051382137,32,0,11,1,4,2,10,46,96,0,0,0,11,11,13,282,23.98,1.18,33.33,49.28
Lille_50.627863_3.106445,Lille,50.62786332702708,3.106445107905009,38,0,11,6,4,1,9,43,114,0,0,0,13,14,10,295,31.9,1.4,24.79,47.65
Lille_50.627863_3.109996,Lille,50.62786332702708,3.109995810671804,39,0,11,6,3,2,10,33,129,0,0,0,11,12,8,292,27.59,1.44,32.53,48.89
Lille_50.627863_3.113547,Lille,50.62786332702708,3.113546513438599,39,0,8,6,3,2,7,30,201,0,0,0,11,5,1,347,26.26,1.44,32.42,47.68
Lille_50.627863_3.117097,Lille,50.62786332702708,3.1170972162053943,42,0,6,5,2,1,7,37,209,0,0,0,9,3,4,368,20.96,1.55,25.75,46.41
Lille_50.627863_3.120648,Lille,50.62786332702708,3.1206479189721894,23,0,8,0,0,1,13,36,248,0,0,0,7,2,5,401,11.77,1.0,31.23,47.26
Lille_50.630116_2.992823,Lille,50.63011557927933,2.992822619367564,1,0,0,0,0,0,3,10,81,0,0,0,0,0,5,109,0.0,1.0,6.43,41.31
Lille_50.630116_2.996373,Lille,50.63011557927933,2.99637332213436,1,0,0,0,0,0,4,17,91,0,0,0,0,0,5,127,0.0,1.0,8.54,41.73
Lille_50.630116_2.999924,Lille,50.63011557927933,2.9999240249011545,2,0,1,0,1,0,9,26,106,0,0,0,3,3,1,174,6.1,1.0,13.97,42.79
Lille_50.630116_3.003475,Lille,50.63011557927933,3.0034747276679497,7,0,4,0,2,0,12,33,117,0,0,0,5,3,1,219,10.28,1.0,17.54,43.73
Lille_50.630116_3.007025,Lille,50.63011557927933,3.007025430434745,7,0,4,0,2,0,13,35,72,0,0,0,6,3,1,177,11.84,1.0,17.0,43.62
Lille_50.630116_3.010576,Lille,50.63011557927933,3.01057613320154,8,0,4,0,2,0,11,30,87,0,0,0,8,5,1,200,15.29,1.0,15.34,43.47
Lille_50.630116_3.014127,Lille,50.63011557927933,3.014126835968335,7,0,14,0,1,0,9,22,135,0,0,0,8,7,3,249,15.38,1.0,14.38,43.85
Lille_50.630116_3.017678,Lille,50.63011557927933,3.0176775387351302,7,0,18,0,0,0,12,28,201,0,0,0,7,10,4,334,13.7,1.0,19.7,45.34
Lille_50.630116_3.021228,Lille,50.63011557927933,3.0212282415019254,14,0,20,0,1,0,12,35,210,0,0,1,10,12,4,374,19.76,1.0,21.05,46.01
Lille_50.630116_3.024779,Lille,50.63011557927933,3.0247789442687205,14,0,24,0,2,1,16,38,211,0,0,1,11,10,5,394,22.12,1.0,32.39,48.31
Lille_50.630116_3.028330,Lille,50.63011557927933,3.028329647035516,16,0,13,0,3,1,13,53,194,0,0,1,13,8,4,382,25.08,1.0,31.9,47.73
Lille_50.630116_3.031880,Lille,50.63011557927933,3.031880349802311,16,0,9,0,3,2,9,40,110,0,0,1,10,7,3,265,19.98,1.0,32.2,47.52
Lille_50.630116_3.035431,Lille,50.63011557927933,3.035431052569106,18,0,15,6,3,3,13,44,96,0,0,0,9,7,2,277,23.91,1.0,43.17,49.86
Lille_50.630116_3.038982,Lille,50.63011557927933,3.038981755335901,35,0,27,8,3,2,12,53,88,0,1,0,9,9,2,304,26.78,1.29,35.52,49.17
Lille_50.630116_3.042532,Lille,50.63011557927933,3.042532458102696,111,2,51,10,3,2,18,42,81,3,1,0,7,16,3,405,28.22,7.43,37.93,50.61
Lille_50.630116_3.046083,Lille,50.63011557927933,3.0460831608694914,172,2,71,13,3,2,20,45,109,5,3,1,7,29,4,545,34.5,9.68,40.77,53.62
Lille_50.630116_3.049634,Lille,50.63011557927933,3.0496338636362865,249,2,113,10,6,1,19,40,150,5,3,1,8,54,3,720,42.78,12.52,32.73,56.07
Lille_50.630116_3.053185,Lille,50.63011557927933,3.0531845664030817,295,3,136,9,6,1,15,28,189,6,7,1,6,69,4,818,43.0,15.89,29.43,57.24
Lille_50.630116_3.056735,Lille,50.63011557927933,3.056735269169877,295,4,165,11,7,2,20,28,206,6,17,2,6,76,3,900,49.25,17.55,41.58,60.28
Lille_50.630116_3.060286,Lille,50.63011557927933,3.060285971936672,287,4,166,7,7,1,19,35,235,5,15,2,4,87,2,928,44.34,17.26,34.92,59.66
Lille_50.630116_3.063837,Lille,50.63011557927933,3.063836674703467,246,4,134,7,5,2,20,34,372,7,23,3,6,76,4,1008,42.62,15.74,48.22,60.19
Lille_50.630116_3.067387,Lille,50.63011557927933,3.0673873774702622,180,3,100,5,4,2,19,41,382,8,19,6,8,68,3,933,39.72,11.64,48.89,58.48
Lille_50.630116_3.070938,Lille,50.63011557927933,3.0709380802370574,107,0,55,3,3,2,12,50,377,5,9,5,10,53,4,772,34.09,3.95,45.06,56.42
Lille_50.630116_3.074489,Lille,50.63011557927933,3.0744887830038525,50,0,35,3,3,2,11,49,364,5,9,4,8,37,5,653,27.04,1.85,43.75,53.68
Lille_50.630116_3.078039,Lille,50.63011557927933,3.078039485770648,9,0,17,1,2,1,5,44,208,4,1,4,6,24,6,377,17.51,1.0,25.33,47.75
Lille_50.630116_3.081590,Lille,50.63011557927933,3.081590188537443,20,0,16,1,3,1,9,46,176,3,0,0,7,27,10,353,19.98,1.0,27.38,48.99
Lille_50.630116_3.085141,Lille,50.63011557927933,3.085140891304238,35,0,24,4,4,1,12,36,158,2,0,1,4,29,13,356,19.57,1.29,27.41,49.91
Lille_50.630116_3.088692,Lille,50.63011557927933,3.088691594071033,57,0,28,4,4,1,12,30,116,1,0,1,6,24,14,331,22.07,2.1,25.06,49.52
Lille_50.630116_3.092242,Lille,50.63011557927933,3.0922422968378283,69,0,31,4,6,2,16,33,113,0,0,1,9,21,16,372,28.12,2.55,36.26,51.92
Lille_50.630116_3.095793,Lille,50.63011557927933,3.0957929996046234,65,0,29,4,6,2,13,29,90,0,0,1,10,14,11,319,28.42,2.4,32.72,50.16
Lille_50.630116_3.099344,Lille,50.63011557927933,3.0993437023714185,55,0,17,0,4,1,10,37,79,0,0,0,11,13,17,289,23.82,2.03,23.4,48.23
Lille_50.630116_3.102894,Lille,50.63011557927933,3.1028944051382137,39,0,11,1,5,2,11,41,123,0,0,0,14,11,13,325,29.53,1.44,34.23,49.55
Lille_50.630116_3.106445,Lille,50.63011557927933,3.106445107905009,41,0,10,6,5,1,10,36,126,0,0,0,14,14,9,313,34.27,1.51,24.87,47.6
Lille_50.630116_3.109996,Lille,50.63011557927933,3.109995810671804,40,0,9,6,3,1,10,30,133,0,0,0,15,13,8,309,33.88,1.48,24.22,47.27
Lille_50.630116_3.113547,Lille,50.63011557927933,3.113546513438599,36,0,6,6,3,1,8,23,181,0,0,0,13,6,1,328,29.43,1.33,23.4,45.86
Lille_50.630116_3.117097,Lille,50.63011557927933,3.1170972162053943,44,0,4,5,2,0,7,27,183,0,0,0,11,5,2,338,24.29,1.62,15.35,44.31
Lille_50.630116_3.120648,Lille,50.63011557927933,3.1206479189721894,29,0,7,0,1,0,7,33,227,0,0,0,8,4,2,377,14.45,1.07,17.77,44.6
Lille_50.632368_2.989272,Lille,50.63236783153159,2.989271916600769,1,0,0,0,0,0,9,18,34,0,0,0,3,0,3,84,4.69,1.0,10.29,41.92
Lille_50.632368_2.992823,Lille,50.63236783153159,2.992822619367564,1,0,0,0,0,0,5,9,90,0,0,0,1,0,3,124,1.56,1.0,8.03,41.47
Lille_50.632368_2.996373,Lille,50.63236783153159,2.99637332213436,1,0,0,0,0,0,6,15,95,0,0,0,1,0,3,133,1.56,1.0,9.81,41.83
Lille_50.632368_2.999924,Lille,50.63236783153159,2.9999240249011545,2,0,1,0,1,0,9,25,108,0,0,0,3,7,2,179,6.75,1.0,13.89,43.17
Lille_50.632368_3.003475,Lille,50.63236783153159,3.0034747276679497,8,0,5,0,2,0,15,37,123,0,0,0,6,7,1,245,12.55,1.0,20.49,44.69
Lille_50.632368_3.007025,Lille,50.63236783153159,3.007025430434745,8,0,6,0,3,0,17,40,72,0,0,0,7,8,1,204,15.2,1.0,20.6,44.82
Lille_50.632368_3.010576,Lille,50.63236783153159,3.01057613320154,11,0,6,0,3,0,15,37,89,0,0,0,10,10,1,234,20.22,1.0,19.31,44.8
Lille_50.632368_3.014127,Lille,50.63236783153159,3.014126835968335,10,0,16,0,2,0,13,31,140,0,0,0,9,8,3,283,18.1,1.0,18.75,44.94
Lille_50.632368_3.017678,Lille,50.63236783153159,3.0176775387351302,9,0,19,0,1,0,13,30,202,0,0,0,8,11,4,345,16.35,1.0,20.74,45.71
Lille_50.632368_3.021228,Lille,50.63236783153159,3.0212282415019254,29,0,26,1,1,0,13,40,210,0,0,1,11,20,4,409,23.87,1.07,22.51,47.49
Lille_50.632368_3.024779,Lille,50.63236783153159,3.0247789442687205,28,0,31,1,2,1,16,42,222,0,0,1,12,18,5,442,26.28,1.03,33.37,49.71
Lille_50.632368_3.028330,Lille,50.63236783153159,3.028329647035516,30,0,20,1,2,1,14,46,180,0,0,1,12,15,4,399,25.1,1.11,31.09,48.66
Lille_50.632368_3.031880,Lille,50.63236783153159,3.031880349802311,29,0,15,1,2,2,11,36,107,0,0,1,12,13,3,300,24.46,1.07,32.93,48.64
Lille_50.632368_3.035431,Lille,50.63236783153159,3.035431052569106,14,0,15,3,2,2,11,33,96,0,0,0,12,8,3,280,25.31,1.0,32.1,47.69
Lille_50.632368_3.038982,Lille,50.63236783153159,3.038981755335901,28,0,26,5,2,1,10,41,98,0,1,0,14,9,2,319,31.08,1.03,24.65,46.88
Lille_50.632368_3.042532,Lille,50.63236783153159,3.042532458102696,42,0,37,6,2,1,16,38,126,3,3,0,13,17,3,387,32.69,1.55,29.46,49.04
Lille_50.632368_3.046083,Lille,50.63236783153159,3.0460831608694914,76,0,46,8,2,0,18,39,123,4,4,0,11,32,4,447,34.42,2.8,22.93,49.69
Lille_50.632368_3.049634,Lille,50.63236783153159,3.0496338636362865,159,0,89,11,5,0,20,35,165,4,4,0,10,59,4,636,45.14,5.87,25.21,54.54
Lille_50.632368_3.053185,Lille,50.63236783153159,3.0531845664030817,213,1,120,14,5,0,16,25,193,8,9,0,5,92,5,756,47.8,9.53,21.83,57.43
Lille_50.632368_3.056735,Lille,50.63236783153159,3.056735269169877,325,10,182,22,6,2,16,25,209,9,38,1,5,105,3,1002,63.55,28.66,38.38,58.79
Lille_50.632368_3.060286,Lille,50.63236783153159,3.060285971936672,465,17,206,20,7,2,13,29,244,13,54,1,4,116,2,1230,65.69,45.49,38.05,57.33
Lille_50.632368_3.063837,Lille,50.63236783153159,3.063836674703467,473,17,198,18,7,4,15,34,435,23,66,1,7,104,3,1466,67.59,45.79,62.82,61.29
Lille_50.632368_3.067387,Lille,50.63236783153159,3.0673873774702622,405,16,158,12,7,4,15,40,477,23,61,4,8,78,2,1399,57.1,41.61,65.17,58.31
Lille_50.632368_3.070938,Lille,50.63236783153159,3.0709380802370574,285,7,94,4,7,3,12,51,491,20,31,3,11,59,3,1168,45.61,22.18,57.15,57.96
Lille_50.632368_3.074489,Lille,50.63236783153159,3.0744887830038525,104,0,61,4,6,3,10,54,498,16,12,3,9,39,5,917,34.84,3.84,56.41,57.79
Lille_50.632368_3.078039,Lille,50.63236783153159,3.078039485770648,14,0,19,1,3,1,4,46,297,8,1,3,7,25,5,500,20.41,1.0,27.99,48.48
Lille_50.632368_3.081590,Lille,50.63236783153159,3.081590188537443,20,0,16,1,2,2,8,51,241,6,0,0,8,28,11,447,21.03,1.0,37.66,51.2
Lille_50.632368_3.085141,Lille,50.63236783153159,3.085140891304238,33,0,23,4,3,2,11,39,192,4,0,1,6,28,14,409,21.73,1.22,36.31,51.64
Lille_50.632368_3.088692,Lille,50.63236783153159,3.088691594071033,57,0,28,4,3,2,13,41,154,2,0,1,9,24,15,404,25.96,2.1,36.73,51.94
Lille_50.632368_3.092242,Lille,50.63236783153159,3.0922422968378283,70,0,31,4,5,3,17,45,141,0,0,1,10,21,18,430,28.82,2.58,47.73,54.39
Lille_50.632368_3.095793,Lille,50.63236783153159,3.0957929996046234,67,0,28,4,6,2,13,36,97,0,0,1,11,13,12,343,29.75,2.47,34.01,50.42
Lille_50.632368_3.099344,Lille,50.63236783153159,3.0993437023714185,58,0,15,0,4,1,8,39,78,0,0,0,11,14,10,288,23.86,2.14,22.23,47.51
Lille_50.632368_3.102894,Lille,50.63236783153159,3.1028944051382137,38,0,8,1,4,1,8,32,90,0,0,0,11,10,6,260,23.63,1.4,21.6,46.3
Lille_50.632368_3.106445,Lille,50.63236783153159,3.106445107905009,30,0,6,1,2,0,8,25,95,0,0,0,11,10,2,234,21.78,1.11,12.73,44.05
Lille_50.632368_3.109996,Lille,50.63236783153159,3.109995810671804,33,0,7,1,1,0,10,19,110,0,0,0,11,10,3,252,20.98,1.22,13.78,44.4
Lille_50.632368_3.113547,Lille,50.63236783153159,3.113546513438599,32,0,5,1,2,0,10,13,115,0,0,0,10,3,2,243,19.01,1.18,13.06,43.56
Lille_50.632368_3.117097,Lille,50.63236783153159,3.1170972162053943,46,0,5,0,2,0,9,20,136,0,0,0,10,4,3,289,18.32,1.7,14.11,44.11
Lille_50.632368_3.120648,Lille,50.63236783153159,3.1206479189721894,40,0,7,0,3,0,9,29,162,0,0,0,7,4,3,323,14.62,1.48,16.36,44.54
Lille_50.634620_2.971518,Lille,50.63462008378384,2.9715184027667934,98,1,7,4,1,0,6,33,21,1,0,0,0,0,2,183,4.82,5.28,9.94,42.95
Lille_50.634620_2.982171,Lille,50.63462008378384,2.982170511067179,6,0,0,0,0,0,6,31,33,0,0,0,2,0,3,95,3.12,1.0,10.05,42.01
Lille_50.634620_2.985721,Lille,50.63462008378384,2.985721213833974,5,0,0,0,0,0,9,32,46,0,0,0,3,0,2,116,4.69,1.0,12.79,42.45
Lille_50.634620_2.989272,Lille,50.63462008378384,2.989271916600769,1,0,0,0,0,0,8,23,51,0,0,0,2,0,3,107,3.12,1.0,10.91,42.05
Lille_50.634620_2.992823,Lille,50.63462008378384,2.992822619367564,1,0,0,0,0,0,6,14,104,0,0,0,1,0,3,146,1.56,1.0,9.97,41.86
Lille_50.634620_2.996373,Lille,50.63462008378384,2.99637332213436,1,0,0,0,0,0,8,13,95,0,0,0,1,0,3,133,1.56,1.0,10.94,42.05
Lille_50.634620_2.999924,Lille,50.63462008378384,2.9999240249011545,2,0,1,0,1,0,7,19,102,0,0,0,3,7,2,158,6.75,1.0,11.36,42.66
Lille_50.634620_3.003475,Lille,50.63462008378384,3.0034747276679497,7,0,4,0,2,0,11,33,119,0,0,0,4,7,1,217,9.36,1.0,16.9,43.92
Lille_50.634620_3.007025,Lille,50.63462008378384,3.007025430434745,9,0,5,0,3,0,14,40,79,0,0,0,6,8,1,199,13.58,1.0,18.7,44.44
Lille_50.634620_3.010576,Lille,50.63462008378384,3.01057613320154,11,0,5,0,3,0,11,38,105,0,0,0,9,9,1,248,18.43,1.0,17.16,44.26
Lille_50.634620_3.014127,Lille,50.63462008378384,3.014126835968335,12,0,13,0,2,0,11,42,158,0,0,0,8,7,3,315,16.18,1.0,19.59,45.0
Lille_50.634620_3.017678,Lille,50.63462008378384,3.0176775387351302,46,1,23,2,2,1,9,27,227,0,1,0,9,18,4,423,21.95,3.36,26.3,47.56
Lille_50.634620_3.021228,Lille,50.63462008378384,3.0212282415019254,62,1,31,3,2,1,10,28,227,0,1,1,10,28,4,462,26.57,3.95,27.17,48.95
Lille_50.634620_3.024779,Lille,50.63462008378384,3.0247789442687205,62,1,36,3,3,2,14,33,233,0,1,1,12,27,5,490,30.71,3.95,38.98,51.46
Lille_50.634620_3.028330,Lille,50.63462008378384,3.028329647035516,60,1,30,3,3,2,12,36,215,0,1,1,14,23,4,478,32.81,3.88,37.38,50.55
Lille_50.634620_3.031880,Lille,50.63462008378384,3.031880349802311,22,0,18,1,2,1,10,31,129,0,0,1,14,13,3,321,27.78,1.0,24.23,46.82
Lille_50.634620_3.035431,Lille,50.63462008378384,3.035431052569106,9,0,16,0,2,1,9,32,121,0,0,0,14,6,3,302,25.59,1.0,23.39,45.68
Lille_50.634620_3.038982,Lille,50.63462008378384,3.038981755335901,12,0,22,1,1,0,7,36,137,0,0,0,14,7,3,332,26.13,1.0,15.11,44.35
Lille_50.634620_3.042532,Lille,50.63462008378384,3.042532458102696,26,0,30,2,1,0,12,33,180,3,2,0,13,12,3,403,27.06,1.0,19.72,46.28
Lille_50.634620_3.046083,Lille,50.63462008378384,3.0460831608694914,35,0,34,2,1,0,18,34,204,3,3,0,12,27,3,465,28.25,1.29,24.98,48.76
Lille_50.634620_3.049634,Lille,50.63462008378384,3.0496338636362865,82,0,67,6,3,0,21,36,232,4,10,0,11,54,3,613,38.84,3.03,28.39,53.09
Lille_50.634620_3.053185,Lille,50.63462008378384,3.0531845664030817,173,1,107,11,4,0,19,30,220,10,30,0,8,89,4,771,49.19,8.05,25.65,57.0
Lille_50.634620_3.056735,Lille,50.63462008378384,3.056735269169877,417,19,190,19,6,2,18,30,254,11,96,1,8,108,3,1228,70.43,47.05,42.11,55.19
Lille_50.634620_3.060286,Lille,50.63462008378384,3.060285971936672,662,31,240,20,9,2,13,39,272,18,146,1,4,123,4,1617,76.83,76.09,40.51,52.7
Lille_50.634620_3.063837,Lille,50.63462008378384,3.063836674703467,723,31,257,19,10,4,19,40,471,33,154,1,3,112,4,1937,76.0,78.35,67.82,58.55
Lille_50.634620_3.067387,Lille,50.63462008378384,3.0673873774702622,649,31,217,13,10,5,20,45,581,35,135,3,5,84,3,1928,65.93,75.62,81.08,56.85
Lille_50.634620_3.070938,Lille,50.63462008378384,3.0709380802370574,409,14,140,6,8,4,17,53,622,33,66,2,7,62,5,1541,48.31,38.43,73.55,59.85
Lille_50.634620_3.074489,Lille,50.63462008378384,3.0744887830038525,152,3,88,5,5,4,16,50,617,26,17,2,8,32,5,1139,34.72,10.61,72.22,59.77
Lille_50.634620_3.078039,Lille,50.63462008378384,3.078039485770648,49,3,33,2,2,2,7,44,416,11,3,2,8,18,7,692,21.97,6.81,41.95,49.91
Lille_50.634620_3.081590,Lille,50.63462008378384,3.081590188537443,40,2,29,2,3,2,10,47,338,5,2,0,9,20,12,586,23.9,4.81,41.84,50.88
Lille_50.634620_3.085141,Lille,50.63462008378384,3.085140891304238,44,0,28,4,6,2,14,41,219,2,2,1,8,23,13,473,26.94,1.62,39.69,52.12
Lille_50.634620_3.088692,Lille,50.63462008378384,3.088691594071033,68,0,33,4,6,2,15,56,169,1,0,1,9,24,15,460,28.8,2.51,40.91,53.05
Lille_50.634620_3.092242,Lille,50.63462008378384,3.0922422968378283,74,0,34,4,8,3,17,56,155,0,0,1,10,21,16,460,31.59,2.73,49.86,54.79
Lille_50.634620_3.095793,Lille,50.63462008378384,3.0957929996046234,64,0,26,4,6,2,15,49,99,0,0,1,11,11,12,346,29.3,2.36,37.45,50.85
Lille_50.634620_3.099344,Lille,50.63462008378384,3.0993437023714185,49,0,11,0,3,1,12,47,84,0,0,0,11,4,8,274,21.12,1.81,26.49,47.18
Lille_50.634620_3.102894,Lille,50.63462008378384,3.1028944051382137,28,0,4,0,3,1,12,30,85,0,0,0,10,1,4,225,18.63,1.03,23.99,45.67
Lille_50.634620_3.109996,Lille,50.63462008378384,3.109995810671804,25,0,4,0,2,0,15,18,127,0,0,0,10,2,2,263,17.93,1.0,17.79,44.28
Lille_50.634620_3.113547,Lille,50.63462008378384,3.113546513438599,29,0,5,0,3,0,13,17,115,0,0,0,8,2,2,251,15.73,1.07,15.8,43.99
Lille_50.634620_3.117097,Lille,50.63462008378384,3.1170972162053943,56,0,6,0,3,0,14,26,133,0,0,0,9,3,3,311,17.52,2.07,18.48,45.06
Lille_50.634620_3.120648,Lille,50.63462008378384,3.1206479189721894,53,0,7,2,4,0,17,34,137,0,0,0,7,3,3,330,17.04,1.96,21.95,45.74
Lille_50.636872_2.971518,Lille,50.6368723360361,2.9715184027667934,58,0,4,1,1,0,4,38,14,1,0,0,0,0,3,132,2.04,2.14,9.01,42.9
Lille_50.636872_2.975069,Lille,50.6368723360361,2.9750691055335885,38,0,2,0,0,0,2,44,8,0,0,0,0,0,1,99,0.13,1.4,8.27,42.28
Lille_50.636872_2.978620,Lille,50.6368723360361,2.978619808300384,16,0,0,0,0,0,2,41,20,0,0,0,1,0,2,86,1.56,1.0,8.24,41.85
Lille_50.636872_2.982171,Lille,50.6368723360361,2.982170511067179,9,0,0,0,0,0,4,39,30,0,0,0,1,0,2,97,1.56,1.0,9.71,41.95
Lille_50.636872_2.985721,Lille,50.6368723360361,2.985721213833974,5,0,0,0,0,0,10,41,46,0,0,1,3,0,2,131,4.75,1.0,14.85,42.87
Lille_50.636872_2.989272,Lille,50.6368723360361,2.989271916600769,1,0,0,0,0,0,10,33,55,0,0,1,3,1,2,132,4.91,1.0,13.97,42.66
Lille_50.636872_2.992823,Lille,50.6368723360361,2.992822619367564,0,0,0,0,0,0,8,21,47,0,0,1,2,1,2,105,3.35,1.0,10.47,41.93
Lille_50.636872_2.996373,Lille,50.6368723360361,2.99637332213436,1,0,0,0,0,0,6,19,34,0,0,1,2,1,3,81,3.35,1.0,8.3,41.6
Lille_50.636872_2.999924,Lille,50.6368723360361,2.9999240249011545,2,0,1,0,1,0,2,18,39,0,0,0,2,8,2,84,5.35,1.0,5.46,41.56
Lille_50.636872_3.003475,Lille,50.6368723360361,3.0034747276679497,4,0,3,0,1,0,5,26,102,0,0,0,3,7,1,171,6.88,1.0,10.98,42.62
Lille_50.636872_3.007025,Lille,50.6368723360361,3.007025430434745,12,0,4,0,3,0,8,33,118,0,0,0,4,10,1,217,10.71,1.0,14.72,43.85
Lille_50.636872_3.010576,Lille,50.6368723360361,3.01057613320154,18,0,5,0,3,0,9,38,142,0,0,0,7,11,1,279,15.63,1.0,17.01,44.59
Lille_50.636872_3.014127,Lille,50.6368723360361,3.014126835968335,44,0,16,4,4,1,12,44,184,0,0,0,7,15,1,383,21.28,1.62,29.5,48.18
Lille_50.636872_3.017678,Lille,50.6368723360361,3.0176775387351302,83,1,27,6,6,2,9,33,162,0,1,0,7,27,2,410,27.44,4.73,32.95,50.03
Lille_50.636872_3.021228,Lille,50.6368723360361,3.0212282415019254,91,1,34,7,4,2,10,30,189,0,1,0,9,35,2,464,31.45,5.02,34.15,51.2
Lille_50.636872_3.024779,Lille,50.6368723360361,3.0247789442687205,87,1,38,7,5,3,14,29,197,0,1,0,8,34,3,470,30.84,4.88,45.14,53.46
Lille_50.636872_3.031880,Lille,50.6368723360361,3.031880349802311,20,0,19,1,1,1,10,24,142,0,0,1,13,13,3,319,25.41,1.0,23.63,46.67
Lille_50.636872_3.035431,Lille,50.6368723360361,3.035431052569106,9,0,18,0,2,1,9,22,114,0,0,1,12,6,3,283,22.65,1.0,21.65,45.39
Lille_50.636872_3.038982,Lille,50.6368723360361,3.038981755335901,7,0,16,0,1,0,5,26,125,0,0,1,12,6,3,305,21.66,1.0,11.77,43.3
Lille_50.636872_3.042532,Lille,50.6368723360361,3.042532458102696,10,0,17,0,1,0,9,20,184,2,2,0,12,7,1,360,22.08,1.0,15.77,44.13
Lille_50.636872_3.046083,Lille,50.6368723360361,3.0460831608694914,16,0,21,0,1,0,14,20,218,2,4,0,12,15,1,413,23.76,1.0,20.52,45.99
Lille_50.636872_3.049634,Lille,50.6368723360361,3.0496338636362865,48,0,36,3,2,0,15,29,236,3,12,0,11,41,1,516,31.39,1.77,23.2,49.57
Lille_50.636872_3.053185,Lille,50.6368723360361,3.0531845664030817,123,0,78,9,3,0,15,26,232,8,41,0,9,71,2,680,43.97,4.54,22.61,54.03
Lille_50.636872_3.056735,Lille,50.6368723360361,3.056735269169877,414,21,174,17,4,1,11,31,267,11,108,3,10,91,2,1206,67.22,50.28,29.71,49.47
Lille_50.636872_3.060286,Lille,50.6368723360361,3.060285971936672,740,41,230,19,8,1,8,37,290,19,160,3,7,116,3,1708,79.1,95.64,29.26,43.89
Lille_50.636872_3.063837,Lille,50.6368723360361,3.063836674703467,813,41,268,18,9,3,19,36,443,33,170,4,5,107,3,2026,78.49,98.33,58.26,50.98
Lille_50.636872_3.067387,Lille,50.6368723360361,3.0673873774702622,762,42,234,12,9,4,20,32,601,36,141,6,5,85,3,2094,66.07,98.12,71.83,49.69
Lille_50.636872_3.070938,Lille,50.6368723360361,3.0709380802370574,491,22,148,6,8,5,23,34,819,35,71,3,6,66,4,1849,48.41,54.78,89.81,59.3
Lille_50.636872_3.074489,Lille,50.6368723360361,3.0744887830038525,157,3,95,4,4,5,21,33,820,27,19,3,7,32,9,1369,32.13,10.79,88.27,63.56
Lille_50.636872_3.078039,Lille,50.6368723360361,3.078039485770648,59,3,37,2,2,3,9,26,673,12,2,2,7,18,11,967,20.66,7.18,57.57,53.59
Lille_50.636872_3.081590,Lille,50.6368723360361,3.081590188537443,43,2,31,2,2,3,12,35,532,6,2,0,7,18,12,783,19.78,4.92,56.18,53.68
Lille_50.636872_3.085141,Lille,50.6368723360361,3.085140891304238,36,0,29,4,5,2,12,32,217,2,2,0,6,19,12,449,22.31,1.33,36.85,51.08
Lille_50.636872_3.088692,Lille,50.6368723360361,3.088691594071033,39,0,22,4,5,2,13,46,141,1,0,0,7,19,10,374,23.24,1.44,37.02,50.8
Lille_50.636872_3.092242,Lille,50.6368723360361,3.0922422968378283,37,0,20,4,6,2,13,51,129,0,0,0,7,15,7,354,23.26,1.37,37.36,50.24
Lille_50.636872_3.095793,Lille,50.6368723360361,3.0957929996046234,32,0,15,4,6,1,11,43,98,0,0,0,10,7,7,276,26.33,1.18,25.66,47.07
Lille_50.639125_2.971518,Lille,50.639124588288354,2.9715184027667934,40,0,3,0,0,0,4,33,7,1,0,0,1,0,3,101,1.82,1.48,8.02,42.44
Lille_50.639125_2.975069,Lille,50.639124588288354,2.9750691055335885,37,0,2,0,0,0,2,36,5,0,0,0,1,0,2,91,1.69,1.37,6.97,42.09
Lille_50.639125_2.978620,Lille,50.639124588288354,2.978619808300384,15,0,0,0,0,0,2,33,18,0,0,0,3,0,1,78,4.69,1.0,6.98,41.49
Lille_50.639125_2.982171,Lille,50.639124588288354,2.982170511067179,6,0,0,0,0,0,3,28,29,0,0,0,3,0,1,81,4.69,1.0,7.32,41.31
Lille_50.639125_2.985721,Lille,50.639124588288354,2.985721213833974,3,0,0,0,0,0,9,33,70,0,0,1,4,0,1,149,6.31,1.0,13.77,42.52
Lille_50.639125_2.989272,Lille,50.639124588288354,2.989271916600769,1,0,1,0,1,0,9,34,76,0,0,1,4,1,1,161,7.4,1.0,14.13,42.64
Lille_50.639125_2.992823,Lille,50.639124588288354,2.992822619367564,0,0,2,0,1,0,7,24,66,0,0,1,2,1,1,134,4.34,1.0,10.86,41.98
Lille_50.639125_2.996373,Lille,50.639124588288354,2.99637332213436,1,0,2,0,1,0,6,23,51,0,0,1,2,1,1,111,4.34,1.0,9.48,41.74
Lille_50.639125_2.999924,Lille,50.639124588288354,2.9999240249011545,2,0,2,0,1,0,0,19,30,0,0,0,0,5,2,65,1.8,1.0,3.87,41.04
Lille_50.639125_3.003475,Lille,50.639124588288354,3.0034747276679497,8,0,2,0,0,0,3,28,100,0,0,0,1,4,2,159,2.34,1.0,9.78,42.31
Lille_50.639125_3.007025,Lille,50.639124588288354,3.007025430434745,24,0,2,0,2,0,6,35,116,0,0,0,3,6,1,212,7.51,1.0,13.52,43.58
Lille_50.639125_3.010576,Lille,50.639124588288354,3.01057613320154,38,0,8,0,4,0,7,43,135,0,0,0,4,14,1,293,12.48,1.4,16.08,45.11
Lille_50.639125_3.014127,Lille,50.639124588288354,3.014126835968335,68,0,15,5,6,1,10,49,145,0,0,0,4,18,1,366,19.61,2.51,27.47,48.29
Lille_50.639125_3.017678,Lille,50.639124588288354,3.0176775387351302,102,1,23,7,8,2,8,38,102,0,1,0,6,29,1,368,28.54,5.43,30.91,49.84
Lille_50.639125_3.038982,Lille,50.639124588288354,3.038981755335901,3,0,8,0,0,0,2,18,134,0,0,1,12,4,3,280,19.97,1.0,8.75,42.21
Lille_50.639125_3.042532,Lille,50.639124588288354,3.042532458102696,4,0,6,0,0,0,2,15,190,0,2,0,11,5,2,317,18.51,1.0,10.23,42.47
Lille_50.639125_3.046083,Lille,50.639124588288354,3.0460831608694914,4,0,8,0,0,0,4,15,231,0,4,0,11,10,1,352,19.57,1.0,13.08,43.42
Lille_50.639125_3.049634,Lille,50.639124588288354,3.0496338636362865,22,0,14,3,0,0,9,29,234,1,16,0,11,17,1,430,24.5,1.0,18.84,45.78
Lille_50.639125_3.053185,Lille,50.639124588288354,3.0531845664030817,96,0,58,9,3,0,9,30,243,7,47,0,10,43,1,629,40.04,3.54,19.3,50.18
Lille_50.639125_3.056735,Lille,50.639124588288354,3.056735269169877,343,18,132,17,4,1,11,38,260,10,114,3,11,65,1,1088,62.22,42.66,30.51,47.42
Lille_50.639125_3.060286,Lille,50.639124588288354,3.060285971936672,642,38,203,20,8,1,10,43,278,19,171,4,9,86,2,1579,77.26,87.02,31.17,41.81
Lille_50.639125_3.063837,Lille,50.639124588288354,3.063836674703467,704,38,251,18,10,2,17,36,438,33,172,5,8,89,2,1881,80.23,89.31,48.65,47.67
Lille_50.639125_3.067387,Lille,50.639124588288354,3.0673873774702622,655,39,215,12,8,3,20,28,580,33,141,7,9,68,2,1920,67.37,89.17,62.51,46.49
Lille_50.639125_3.070938,Lille,50.639124588288354,3.0709380802370574,429,22,153,5,7,4,20,26,843,34,71,4,10,49,3,1785,50.48,52.5,79.3,55.11
Lille_50.639125_3.074489,Lille,50.639124588288354,3.0744887830038525,130,3,87,2,3,4,19,22,868,25,14,3,9,23,8,1350,30.26,9.8,78.86,60.32
Lille_50.639125_3.078039,Lille,50.639124588288354,3.078039485770648,66,3,36,1,1,3,10,21,735,10,2,2,9,16,10,1022,21.55,7.44,59.68,53.84
Lille_50.639125_3.081590,Lille,50.639124588288354,3.081590188537443,56,2,32,4,3,3,14,26,598,5,2,0,9,13,12,855,24.67,5.4,58.55,53.96
Lille_50.639125_3.085141,Lille,50.639124588288354,3.085140891304238,36,0,17,3,4,2,11,27,255,2,2,0,7,9,12,453,19.76,1.33,36.7,49.93
Lille_50.639125_3.088692,Lille,50.639124588288354,3.088691594071033,35,0,10,3,4,2,10,42,161,1,0,0,9,9,6,353,22.26,1.29,34.98,48.91
Lille_50.639125_3.092242,Lille,50.639124588288354,3.0922422968378283,24,0,6,3,4,3,10,47,133,0,0,0,7,3,3,303,17.84,1.0,42.75,49.46
Lille_50.641377_2.975069,Lille,50.64137684054061,2.9750691055335885,40,0,1,1,1,0,6,39,29,0,0,0,1,1,2,134,3.51,1.48,11.11,43.0
Lille_50.641377_2.978620,Lille,50.64137684054061,2.978619808300384,19,0,1,3,2,1,7,38,46,0,0,0,3,1,1,138,9.22,1.0,20.26,44.36
Lille_50.641377_2.982171,Lille,50.64137684054061,2.982170511067179,22,0,4,5,3,1,10,29,51,0,0,0,3,3,1,152,12.32,1.0,21.23,44.88
Lille_50.641377_2.985721,Lille,50.64137684054061,2.985721213833974,18,0,4,5,2,1,14,32,92,0,0,1,3,3,1,209,11.53,1.0,25.96,45.72
Lille_50.641377_2.989272,Lille,50.64137684054061,2.989271916600769,16,0,5,5,3,1,12,31,86,0,0,1,3,4,1,200,12.61,1.0,24.17,45.41
Lille_50.641377_2.992823,Lille,50.64137684054061,2.992822619367564,15,0,6,3,2,0,9,24,70,0,0,1,2,4,1,166,8.53,1.0,12.43,43.06
Lille_50.641377_2.996373,Lille,50.64137684054061,2.99637332213436,1,0,2,0,1,0,4,25,63,0,0,1,2,1,1,121,4.34,1.0,8.77,41.59
Lille_50.641377_2.999924,Lille,50.64137684054061,2.9999240249011545,5,0,2,0,1,0,0,23,44,0,0,0,1,3,2,87,3.04,1.0,4.95,41.18
Lille_50.641377_3.003475,Lille,50.64137684054061,3.0034747276679497,20,0,2,0,0,0,0,39,109,0,0,0,2,2,2,183,3.58,1.0,9.59,42.44
Lille_50.641377_3.007025,Lille,50.64137684054061,3.007025430434745,41,0,3,0,1,1,5,45,124,0,0,0,3,4,3,243,6.39,1.51,22.57,45.68
Lille_50.641377_3.010576,Lille,50.64137684054061,3.01057613320154,55,0,9,0,3,1,5,54,138,0,0,0,4,16,3,322,12.01,2.03,24.4,47.34
Lille_50.641377_3.014127,Lille,50.64137684054061,3.014126835968335,83,0,16,5,5,2,8,53,143,0,0,0,6,22,5,387,22.58,3.06,34.57,50.56
Lille_50.641377_3.017678,Lille,50.64137684054061,3.0176775387351302,114,1,24,7,7,3,9,39,111,0,1,0,9,33,5,407,33.08,5.87,40.09,52.49
Lille_50.641377_3.038982,Lille,50.64137684054061,3.038981755335901,6,0,8,1,1,0,0,7,127,0,0,1,9,1,2,230,16.52,1.0,5.43,41.31
Lille_50.641377_3.042532,Lille,50.64137684054061,3.042532458102696,2,0,5,0,0,0,0,4,163,0,0,0,8,1,2,257,12.98,1.0,6.23,41.28
Lille_50.641377_3.046083,Lille,50.64137684054061,3.0460831608694914,2,0,5,0,0,0,4,6,202,0,2,0,8,2,1,291,13.27,1.0,10.73,42.18
Lille_50.641377_3.049634,Lille,50.64137684054061,3.0496338636362865,15,0,14,0,0,0,9,30,209,1,16,0,7,8,1,403,14.2,1.0,18.13,44.74
Lille_50.641377_3.053185,Lille,50.64137684054061,3.0531845664030817,85,0,56,2,2,0,10,38,233,5,42,1,8,16,1,600,25.12,3.14,20.87,48.17
Lille_50.641377_3.056735,Lille,50.64137684054061,3.056735269169877,285,12,113,6,3,0,16,45,273,7,103,4,10,29,1,998,42.44,30.52,27.58,46.72
Lille_50.641377_3.060286,Lille,50.64137684054061,3.060285971936672,455,25,170,9,6,0,15,51,269,12,144,5,10,49,2,1298,57.43,58.46,27.62,43.5
Lille_50.641377_3.063837,Lille,50.64137684054061,3.063836674703467,471,25,189,9,6,0,20,34,365,18,139,6,8,54,2,1401,56.44,59.05,31.98,45.5
Lille_50.641377_3.067387,Lille,50.64137684054061,3.0673873774702622,423,26,154,8,4,1,22,27,477,20,113,6,10,53,3,1424,53.09,58.94,44.23,45.69
Lille_50.641377_3.070938,Lille,50.64137684054061,3.0709380802370574,244,15,110,7,3,3,21,23,731,23,52,3,11,45,4,1378,45.0,34.0,67.7,53.62
Lille_50.641377_3.074489,Lille,50.64137684054061,3.0744887830038525,76,3,56,4,0,3,19,16,825,18,11,2,10,24,9,1171,28.47,7.8,68.47,56.84
Lille_50.641377_3.078039,Lille,50.64137684054061,3.078039485770648,62,3,32,4,0,3,13,17,744,10,2,1,10,18,12,1006,24.84,7.29,61.54,54.36
Lille_50.641377_3.081590,Lille,50.64137684054061,3.081590188537443,56,2,30,7,3,2,16,21,628,4,2,0,10,12,12,867,28.47,5.4,52.27,52.57
Lille_50.641377_3.085141,Lille,50.64137684054061,3.085140891304238,34,0,15,3,4,1,11,25,288,0,2,0,6,6,11,453,17.46,1.25,29.54,48.11
Lille_50.641377_3.088692,Lille,50.64137684054061,3.088691594071033,32,0,10,3,4,1,10,34,140,0,0,0,5,6,6,294,15.45,1.18,25.06,46.65
Lille_50.641377_3.092242,Lille,50.64137684054061,3.0922422968378283,22,0,6,3,4,2,9,41,96,1,0,0,3,2,2,232,11.49,1.0,31.87,47.07
Lille_50.643629_2.975069,Lille,50.643629092792864,2.9750691055335885,25,0,2,1,1,0,6,42,71,2,0,0,2,3,3,170,5.59,1.0,13.01,43.42
Lille_50.643629_2.978620,Lille,50.643629092792864,2.978619808300384,15,0,2,3,2,1,7,42,81,2,0,0,4,3,2,180,11.3,1.0,22.07,44.88
Lille_50.643629_2.982171,Lille,50.643629092792864,2.982170511067179,22,0,5,5,3,1,10,35,83,2,0,0,4,4,1,192,14.24,1.0,23.24,45.39
Lille_50.643629_2.985721,Lille,50.643629092792864,2.985721213833974,19,0,4,6,2,1,12,28,119,0,0,1,5,4,1,232,15.68,1.0,24.86,45.6
Lille_50.643629_2.989272,Lille,50.643629092792864,2.989271916600769,17,0,5,6,3,2,12,28,89,0,0,1,4,4,1,206,15.04,1.0,31.83,46.97
Lille_50.643629_2.992823,Lille,50.643629092792864,2.992822619367564,17,0,7,4,2,1,11,24,88,0,0,1,3,4,1,201,11.02,1.0,22.48,45.16
Lille_50.643629_2.996373,Lille,50.643629092792864,2.99637332213436,7,0,6,1,1,1,7,24,85,0,0,1,3,2,1,170,7.18,1.0,19.52,44.1
Lille_50.643629_2.999924,Lille,50.643629092792864,2.9999240249011545,18,0,7,0,2,1,5,20,64,0,0,0,2,4,1,142,5.94,1.0,16.77,44.04
Lille_50.643629_3.003475,Lille,50.643629092792864,3.0034747276679497,41,0,8,0,1,1,5,32,111,1,0,0,2,3,2,222,5.04,1.51,20.18,45.19
Lille_50.643629_3.007025,Lille,50.643629092792864,3.007025430434745,59,0,8,0,2,2,6,34,113,1,0,0,3,6,3,251,7.96,2.18,29.27,47.55
Lille_50.643629_3.010576,Lille,50.643629092792864,3.01057613320154,70,0,11,0,4,2,5,43,122,1,0,0,4,17,3,301,13.22,2.58,30.21,48.83
Lille_50.643629_3.014127,Lille,50.643629092792864,3.014126835968335,88,0,17,5,5,3,8,42,127,1,0,0,7,23,5,357,24.43,3.25,40.37,51.89
Lille_50.643629_3.038982,Lille,50.643629092792864,3.038981755335901,6,0,5,1,1,0,1,17,90,0,0,1,6,4,1,201,12.13,1.0,6.36,41.57
Lille_50.643629_3.042532,Lille,50.643629092792864,3.042532458102696,0,0,3,0,0,0,1,14,114,0,0,0,6,4,1,208,10.21,1.0,6.74,41.42
Lille_50.643629_3.046083,Lille,50.643629092792864,3.0460831608694914,0,0,2,0,0,0,2,22,130,0,2,0,7,5,2,225,12.0,1.0,9.21,42.05
Lille_50.643629_3.049634,Lille,50.643629092792864,3.0496338636362865,12,0,12,0,0,0,7,43,163,0,9,0,7,5,2,374,13.08,1.0,17.05,44.23
Lille_50.643629_3.053185,Lille,50.643629092792864,3.0531845664030817,48,0,41,3,2,0,8,48,205,1,20,1,7,8,2,517,20.53,1.77,19.96,46.54
Lille_50.643629_3.056735,Lille,50.643629092792864,3.056735269169877,107,3,65,4,2,0,16,55,227,2,42,4,9,14,2,681,28.65,8.95,27.48,47.95
Lille_50.643629_3.060286,Lille,50.643629092792864,3.060285971936672,198,11,103,6,3,0,18,55,236,5,49,5,11,21,2,844,38.59,25.64,29.22,45.75
Lille_50.643629_3.063837,Lille,50.643629092792864,3.063836674703467,194,11,105,6,3,0,18,31,276,6,46,6,10,26,3,808,37.91,25.49,27.02,45.79
Lille_50.643629_3.067387,Lille,50.643629092792864,3.0673873774702622,159,11,76,4,1,0,19,28,362,7,35,5,13,26,4,825,36.62,24.2,30.26,45.26
Lille_50.643629_3.070938,Lille,50.643629092792864,3.0709380802370574,112,8,59,5,1,1,15,26,581,10,13,2,12,26,6,953,33.46,17.47,42.68,48.81
Lille_50.643629_3.078039,Lille,50.643629092792864,3.078039485770648,24,0,14,3,0,1,8,18,642,5,0,0,11,17,13,818,23.74,1.0,38.59,50.73
Lille_50.643629_3.081590,Lille,50.643629092792864,3.081590188537443,34,0,18,7,1,1,12,24,528,3,0,0,11,14,13,722,27.69,1.25,38.4,50.75
Lille_50.643629_3.085141,Lille,50.643629092792864,3.085140891304238,22,0,10,4,1,1,8,23,256,0,0,0,7,6,10,387,16.86,1.0,26.0,46.95
Lille_50.643629_3.088692,Lille,50.643629092792864,3.088691594071033,20,0,6,4,1,1,8,24,127,0,0,0,8,5,5,256,18.0,1.0,21.69,45.45
Lille_50.643629_3.092242,Lille,50.643629092792864,3.0922422968378283,19,0,4,4,1,2,9,32,82,1,0,0,6,1,2,206,14.16,1.0,30.04,46.48
Lille_50.645881_2.975069,Lille,50.64588134504512,2.9750691055335885,14,0,2,1,1,0,4,38,78,2,0,0,3,3,3,160,7.15,1.0,11.22,42.76
Lille_50.645881_2.978620,Lille,50.64588134504512,2.978619808300384,13,0,3,3,2,1,5,39,89,2,0,0,4,3,2,182,11.36,1.0,20.47,44.53
Lille_50.645881_2.982171,Lille,50.64588134504512,2.982170511067179,22,0,6,5,3,1,8,40,114,2,0,0,4,4,2,229,14.3,1.0,23.62,45.57
Lille_50.645881_2.985721,Lille,50.64588134504512,2.985721213833974,21,0,5,6,2,1,8,32,146,0,0,0,5,4,1,258,15.68,1.0,23.54,45.42
Lille_50.645881_2.989272,Lille,50.64588134504512,2.989271916600769,17,0,6,6,3,2,8,31,115,0,0,0,5,3,1,232,16.44,1.0,30.32,46.62
Lille_50.645881_2.992823,Lille,50.64588134504512,2.992822619367564,17,0,7,4,2,1,9,30,124,0,0,0,5,3,1,244,13.91,1.0,23.19,45.22
Lille_50.645881_2.996373,Lille,50.64588134504512,2.99637332213436,6,0,6,1,1,1,5,23,96,0,0,0,4,1,2,178,8.52,1.0,18.32,43.83
Lille_50.645881_2.999924,Lille,50.64588134504512,2.9999240249011545,17,0,7,0,2,1,5,22,75,0,0,0,4,3,2,168,8.9,1.0,17.45,44.15
Lille_50.645881_3.003475,Lille,50.64588134504512,3.0034747276679497,40,0,8,0,1,1,5,31,61,1,0,0,2,3,2,175,5.04,1.48,18.31,44.8
Lille_50.645881_3.007025,Lille,50.64588134504512,3.007025430434745,52,0,8,0,1,2,6,28,36,1,0,0,3,4,4,162,6.77,1.92,25.71,46.67
Lille_50.645881_3.010576,Lille,50.64588134504512,3.01057613320154,60,0,10,0,3,2,5,36,36,1,0,0,6,14,3,193,14.93,2.21,26.19,47.64
Lille_50.645881_3.042532,Lille,50.64588134504512,3.042532458102696,10,0,3,1,2,0,7,15,106,0,0,0,7,7,1,216,14.85,1.0,10.9,42.77
Lille_50.645881_3.046083,Lille,50.64588134504512,3.0460831608694914,10,0,1,1,1,0,8,27,126,0,1,0,7,7,2,246,13.93,1.0,14.1,43.43
Lille_50.645881_3.049634,Lille,50.64588134504512,3.0496338636362865,8,0,8,0,0,0,11,45,157,0,7,0,8,4,2,364,14.1,1.0,20.0,44.52
Lille_50.645881_3.053185,Lille,50.64588134504512,3.0531845664030817,35,0,27,1,2,0,8,48,188,1,10,1,8,7,3,456,18.69,1.29,19.38,45.87
Lille_50.645881_3.056735,Lille,50.64588134504512,3.056735269169877,50,0,37,2,2,0,17,54,214,1,28,2,8,12,2,555,22.19,1.85,27.6,48.3
Lille_50.645881_3.060286,Lille,50.64588134504512,3.060285971936672,57,0,65,3,2,0,18,51,200,3,33,3,8,14,3,588,25.66,2.1,27.38,49.36
Lille_50.645881_3.063837,Lille,50.64588134504512,3.063836674703467,51,0,65,3,2,0,16,26,207,4,27,3,8,17,3,504,25.83,1.88,22.46,48.53
Lille_50.645881_3.067387,Lille,50.64588134504512,3.0673873774702622,26,0,49,3,0,0,17,30,245,5,24,2,12,16,4,504,28.99,1.0,25.09,48.27
Lille_50.645881_3.070938,Lille,50.64588134504512,3.0709380802370574,17,0,48,4,1,0,10,31,272,6,6,1,13,16,6,493,31.08,1.0,21.17,47.37
Lille_50.645881_3.081590,Lille,50.64588134504512,3.081590188537443,27,0,13,8,3,0,9,24,325,1,0,0,10,15,8,487,28.43,1.0,21.24,46.77
Lille_50.645881_3.085141,Lille,50.64588134504512,3.085140891304238,21,0,5,5,2,1,8,22,252,0,0,0,8,9,6,377,20.31,1.0,25.71,46.64
Lille_50.645881_3.088692,Lille,50.64588134504512,3.088691594071033,21,0,5,5,2,1,10,24,130,0,0,0,9,6,4,256,21.39,1.0,23.22,45.75
Lille_50.645881_3.092242,Lille,50.64588134504512,3.0922422968378283,23,0,4,4,2,2,11,29,77,1,0,0,8,3,3,199,18.48,1.0,30.85,46.99
Lille_50.645881_3.095793,Lille,50.64588134504512,3.0957929996046234,13,0,3,3,1,2,11,24,79,1,0,0,8,0,2,176,16.2,1.0,30.17,46.24
Lille_50.648134_2.975069,Lille,50.648133597297374,2.9750691055335885,34,0,6,3,1,1,11,43,112,2,0,0,3,3,3,240,9.13,1.25,26.15,46.31
Lille_50.648134_2.978620,Lille,50.648133597297374,2.978619808300384,35,0,15,5,2,2,12,48,123,2,0,0,3,3,2,276,12.28,1.29,35.99,48.46
Lille_50.648134_2.982171,Lille,50.648133597297374,2.982170511067179,46,0,20,7,3,1,8,50,156,2,0,0,4,4,2,325,16.91,1.7,26.57,46.94
Lille_50.648134_2.985721,Lille,50.648133597297374,2.985721213833974,26,0,18,7,2,1,7,36,155,0,0,0,5,4,2,287,17.36,1.0,23.73,46.04
Lille_50.648134_2.989272,Lille,50.648133597297374,2.989271916600769,17,0,16,6,2,2,7,31,107,0,0,0,5,3,2,230,16.21,1.0,29.33,46.78
Lille_50.648134_2.992823,Lille,50.648133597297374,2.992822619367564,17,0,8,4,1,1,10,31,112,0,0,0,5,3,3,234,13.12,1.0,23.64,45.49
Lille_50.648134_2.996373,Lille,50.648133597297374,2.99637332213436,6,0,4,1,0,1,8,20,75,0,0,0,5,1,4,154,9.09,1.0,19.29,44.13
Lille_50.648134_2.999924,Lille,50.648133597297374,2.9999240249011545,17,0,5,0,1,1,11,22,79,0,0,0,5,3,3,185,9.48,1.0,21.87,45.06
Lille_50.648134_3.003475,Lille,50.648133597297374,3.0034747276679497,36,0,7,0,1,1,12,30,62,1,0,0,3,3,3,189,6.54,1.33,23.19,45.77
Lille_50.648134_3.007025,Lille,50.648133597297374,3.007025430434745,40,0,8,0,1,2,12,21,36,1,0,0,3,4,5,157,6.77,1.48,28.95,47.24
Lille_50.648134_3.010576,Lille,50.648133597297374,3.01057613320154,40,0,5,0,1,2,10,29,46,1,0,0,6,7,8,184,11.75,1.48,29.06,47.65
Lille_50.648134_3.049634,Lille,50.648133597297374,3.0496338636362865,6,0,8,0,0,0,9,42,112,0,2,0,10,4,4,293,16.91,1.0,16.57,43.93
Lille_50.648134_3.053185,Lille,50.648133597297374,3.0531845664030817,31,0,23,1,2,0,6,47,134,0,2,1,10,9,5,367,21.32,1.14,15.93,45.33
Lille_50.648134_3.056735,Lille,50.648133597297374,3.056735269169877,35,0,26,1,2,0,15,49,192,0,13,1,10,8,4,459,22.04,1.29,24.66,47.05
Lille_50.648134_3.060286,Lille,50.648133597297374,3.060285971936672,36,0,26,1,2,0,16,44,179,0,14,1,7,7,4,441,17.25,1.33,24.18,46.89
Lille_50.648134_3.063837,Lille,50.648133597297374,3.063836674703467,35,0,20,1,3,0,18,25,187,0,12,1,9,9,3,386,21.06,1.29,23.05,46.57
Lille_50.648134_3.067387,Lille,50.648133597297374,3.0673873774702622,28,0,9,1,2,0,20,31,209,2,12,0,12,6,5,401,23.76,1.03,26.14,46.71
Lille_50.648134_3.085141,Lille,50.648133597297374,3.085140891304238,23,0,5,3,3,0,7,25,242,0,0,0,6,10,9,372,16.49,1.0,17.1,45.29
Lille_50.648134_3.088692,Lille,50.648133597297374,3.088691594071033,11,0,2,3,2,0,10,27,137,0,0,0,8,6,8,251,17.91,1.0,15.91,44.25
Lille_50.648134_3.092242,Lille,50.648133597297374,3.0922422968378283,17,0,2,1,2,0,9,33,79,1,0,0,9,4,5,188,17.49,1.0,14.08,43.65
Lille_50.648134_3.095793,Lille,50.648133597297374,3.0957929996046234,13,0,3,3,2,0,9,26,45,1,0,0,9,1,4,138,18.79,1.0,11.86,42.81
Lille_50.650386_2.975069,Lille,50.65038584954963,2.9750691055335885,28,0,5,2,0,1,8,36,124,2,0,0,5,3,3,231,10.47,1.03,23.37,45.65
Lille_50.650386_2.978620,Lille,50.65038584954963,2.978619808300384,29,0,17,2,0,1,8,50,153,4,0,0,4,3,3,292,9.79,1.07,26.46,46.61
Lille_50.650386_2.982171,Lille,50.65038584954963,2.982170511067179,32,0,19,2,1,0,2,54,186,4,0,0,6,2,3,327,13.74,1.18,15.92,44.52
Lille_50.650386_2.985721,Lille,50.65038584954963,2.985721213833974,13,0,17,2,1,0,0,50,190,2,0,0,7,2,2,302,15.05,1.0,14.03,43.55
Lille_50.650386_2.989272,Lille,50.65038584954963,2.989271916600769,6,0,15,1,1,1,2,49,130,2,0,0,6,1,2,244,12.34,1.0,21.24,44.67
Lille_50.650386_2.992823,Lille,50.65038584954963,2.992822619367564,7,0,4,1,1,1,6,40,116,0,0,0,6,0,3,220,11.35,1.0,22.27,44.6
Lille_50.650386_2.996373,Lille,50.65038584954963,2.99637332213436,6,0,4,1,0,1,8,28,70,0,0,0,5,1,4,156,9.09,1.0,20.31,44.33
Lille_50.650386_2.999924,Lille,50.65038584954963,2.9999240249011545,13,0,6,0,1,1,11,23,62,1,0,0,4,1,5,165,7.72,1.0,21.43,44.89
Lille_50.650386_3.003475,Lille,50.65038584954963,3.0034747276679497,22,0,7,0,1,1,13,15,48,2,0,0,2,1,4,147,4.72,1.0,21.18,45.03
Lille_50.650386_3.060286,Lille,50.65038584954963,3.060285971936672,29,0,9,1,2,0,12,38,149,0,0,1,7,5,6,345,14.97,1.07,19.39,45.37
Lille_50.650386_3.063837,Lille,50.65038584954963,3.063836674703467,31,0,9,1,4,0,16,28,164,0,0,1,12,7,4,338,24.83,1.14,21.28,45.78
Lille_50.650386_3.085141,Lille,50.65038584954963,3.085140891304238,26,0,7,4,3,0,5,28,163,0,0,0,9,10,11,312,22.17,1.0,13.38,44.85
Lille_50.650386_3.088692,Lille,50.65038584954963,3.088691594071033,11,0,4,3,2,0,8,32,125,0,0,0,9,5,9,250,19.44,1.0,14.81,44.08
Lille_50.650386_3.092242,Lille,50.65038584954963,3.0922422968378283,15,0,2,1,2,0,10,36,89,0,0,0,9,3,10,210,17.26,1.0,15.59,44.21
Lille_50.650386_3.095793,Lille,50.65038584954963,3.0957929996046234,8,0,1,0,1,0,7,27,46,0,0,0,9,1,6,130,15.15,1.0,10.62,42.52
Lille_50.650386_3.099344,Lille,50.65038584954963,3.0993437023714185,11,0,0,0,0,0,6,23,28,0,0,0,7,1,3,103,11.1,1.0,8.69,41.96
Lille_50.652638_2.971518,Lille,50.65263810180189,2.9715184027667934,20,0,1,1,0,1,9,15,32,0,0,0,4,0,4,100,7.18,1.0,17.77,44.05
Lille_50.652638_2.975069,Lille,50.65263810180189,2.9750691055335885,27,0,4,2,0,1,9,22,72,0,0,0,4,1,3,168,8.39,1.0,20.2,44.82
Lille_50.652638_2.978620,Lille,50.65263810180189,2.978619808300384,28,0,16,2,0,1,9,36,116,2,0,0,3,1,3,256,7.71,1.03,23.81,45.89
Lille_50.652638_2.982171,Lille,50.65263810180189,2.982170511067179,31,0,18,2,0,0,3,41,150,2,0,0,5,1,3,296,10.96,1.14,13.45,43.91
Lille_50.652638_2.985721,Lille,50.65263810180189,2.985721213833974,11,0,17,1,0,0,0,49,156,2,0,0,6,1,2,294,11.6,1.0,12.71,43.16
Lille_50.652638_2.989272,Lille,50.65263810180189,2.989271916600769,4,0,15,0,0,0,0,48,128,2,0,0,6,1,3,256,10.61,1.0,11.59,42.76
Lille_50.652638_2.992823,Lille,50.65263810180189,2.992822619367564,5,0,3,0,0,0,2,39,88,0,0,0,6,0,4,182,9.56,1.0,10.29,42.19
Lille_50.652638_2.996373,Lille,50.65263810180189,2.99637332213436,2,0,0,0,0,0,3,28,41,0,0,0,5,0,5,113,7.81,1.0,7.74,41.6
Lille_50.652638_2.999924,Lille,50.65263810180189,2.9999240249011545,2,0,1,0,0,0,6,20,30,1,0,0,4,0,6,96,6.38,1.0,8.31,41.82
Lille_50.652638_3.085141,Lille,50.65263810180189,3.085140891304238,35,0,10,4,4,0,5,28,151,0,0,0,7,13,9,305,20.58,1.29,12.97,45.06
Lille_50.652638_3.088692,Lille,50.65263810180189,3.088691594071033,18,0,5,3,3,0,10,32,119,0,0,0,6,8,10,248,16.16,1.0,16.03,44.86
Lille_50.654890_2.971518,Lille,50.65489035405414,2.9715184027667934,19,0,2,1,0,1,9,15,31,0,0,0,4,0,3,97,7.24,1.0,17.74,43.97
Lille_50.654890_2.975069,Lille,50.65489035405414,2.9750691055335885,24,0,5,2,0,1,9,20,69,0,0,0,4,1,3,160,8.45,1.0,19.8,44.68
Lille_50.654890_2.978620,Lille,50.65489035405414,2.978619808300384,25,0,16,2,0,1,9,33,108,2,0,0,3,1,3,242,7.71,1.0,23.09,45.67
Lille_50.654890_2.982171,Lille,50.65489035405414,2.982170511067179,28,0,18,2,0,0,3,27,120,2,0,0,5,1,3,248,10.96,1.03,10.32,43.24
Lille_50.654890_2.985721,Lille,50.65489035405414,2.985721213833974,9,0,16,1,0,0,0,36,125,2,0,0,5,1,3,246,9.97,1.0,9.69,42.55
Lille_50.654890_2.989272,Lille,50.65489035405414,2.989271916600769,4,0,14,0,0,0,0,34,94,2,0,0,5,1,4,204,8.99,1.0,8.32,42.16
Lille_50.654890_2.992823,Lille,50.65489035405414,2.992822619367564,5,0,3,0,0,0,2,25,49,0,0,0,5,0,5,123,8.0,1.0,6.85,41.59
Lille_50.654890_2.996373,Lille,50.65489035405414,2.99637332213436,2,0,0,0,0,0,3,21,25,0,0,0,5,0,5,86,7.81,1.0,6.14,41.28
Lille_50.654890_3.085141,Lille,50.65489035405414,3.085140891304238,34,0,11,3,4,0,10,38,128,0,0,0,6,12,16,298,18.06,1.25,17.24,46.4
Lille_50.654890_3.088692,Lille,50.65489035405414,3.088691594071033,16,0,5,2,2,0,11,39,115,0,0,0,5,8,14,247,12.88,1.0,17.65,45.45
Lille_50.657143_2.971518,Lille,50.6571426063064,2.9715184027667934,1,0,1,0,0,0,4,9,13,0,0,0,2,0,3,38,3.19,1.0,4.65,40.82
Lille_50.657143_2.975069,Lille,50.6571426063064,2.9750691055335885,1,0,1,0,0,0,4,13,32,0,0,0,2,1,3,72,3.35,1.0,5.9,41.15
Lille_50.657143_2.978620,Lille,50.6571426063064,2.978619808300384,2,0,4,0,0,0,4,25,70,2,0,0,2,1,3,144,3.67,1.0,9.01,41.88
Lille_50.657143_2.982171,Lille,50.6571426063064,2.982170511067179,5,0,4,0,0,0,4,22,77,2,0,0,3,1,3,156,5.23,1.0,8.8,41.92
Lille_50.657143_2.985721,Lille,50.6571426063064,2.985721213833974,4,0,3,0,0,0,0,32,88,2,0,0,3,1,4,180,5.17,1.0,7.82,41.75
Lille_50.657143_2.989272,Lille,50.6571426063064,2.989271916600769,4,0,3,0,0,0,0,30,74,2,0,0,2,1,6,157,3.6,1.0,7.04,41.75
Lille_50.657143_2.992823,Lille,50.6571426063064,2.992822619367564,5,0,0,0,0,0,0,19,33,0,0,0,2,0,7,83,3.12,1.0,3.98,41.09
Lille_50.657143_3.085141,Lille,50.6571426063064,3.085140891304238,18,0,9,2,2,0,8,36,64,0,0,0,5,8,15,206,13.13,1.0,13.3,44.82
Lille_50.659395_2.978620,Lille,50.65939485855865,2.978619808300384,4,0,1,0,0,0,3,11,59,0,0,0,1,2,4,116,1.95,1.0,5.82,41.38
Lille_50.659395_2.982171,Lille,50.65939485855865,2.982170511067179,1,0,1,0,0,0,3,4,65,0,0,0,2,1,4,117,3.35,1.0,4.99,41.05
Lille_50.659395_2.985721,Lille,50.65939485855865,2.985721213833974,0,0,0,0,0,0,0,5,69,0,0,0,2,1,3,125,3.29,1.0,3.13,40.54
